Player,Total Kills,Headshot %,Rounds played,Profile URL
donk,9021,60.8%,9728,https://www.hltv.org/stats/players/21167/donk?csVersion=CS2
ZywOo,8368,42.8%,9842,https://www.hltv.org/stats/players/11893/zywoo?csVersion=CS2
m0NESY,8387,40.7%,10353,https://www.hltv.org/stats/players/19230/m0nesy?csVersion=CS2
kyousuke,7487,58.2%,8985,https://www.hltv.org/stats/players/24177/kyousuke?csVersion=CS2
kl1m,3934,42.9%,4717,https://www.hltv.org/stats/players/23192/kl1m?csVersion=CS2
Luken,4715,60.1%,6025,https://www.hltv.org/stats/players/15914/luken?csVersion=CS2
blameF,9978,45.9%,12847,https://www.hltv.org/stats/players/15165/blamef?csVersion=CS2
asap,6620,51.8%,8736,https://www.hltv.org/stats/players/18545/asap?csVersion=CS2
JamYoung,6638,60.4%,8877,https://www.hltv.org/stats/players/19645/jamyoung?csVersion=CS2
slaxejezzz,5359,54.2%,6968,https://www.hltv.org/stats/players/24807/slaxejezzz?csVersion=CS2
insani,8768,55.3%,11641,https://www.hltv.org/stats/players/21037/insani?csVersion=CS2
KSCERATO,8171,51.9%,11362,https://www.hltv.org/stats/players/15631/kscerato?csVersion=CS2
nettik,4799,57.4%,6430,https://www.hltv.org/stats/players/18214/nettik?csVersion=CS2
deko,8461,41.7%,10683,https://www.hltv.org/stats/players/20113/deko?csVersion=CS2
ADDICT,5254,57.8%,7153,https://www.hltv.org/stats/players/20086/addict?csVersion=CS2
sh1ro,6544,34.2%,8472,https://www.hltv.org/stats/players/16920/sh1ro?csVersion=CS2
MaSvAl,8204,58.2%,11404,https://www.hltv.org/stats/players/19874/masval?csVersion=CS2
latto,9086,54.3%,12525,https://www.hltv.org/stats/players/19045/latto?csVersion=CS2
HexT,9165,53.9%,12693,https://www.hltv.org/stats/players/18838/hext?csVersion=CS2
qqGOD,3216,50.6%,4374,https://www.hltv.org/stats/players/22441/qqgod?csVersion=CS2
try,7077,36.6%,9145,https://www.hltv.org/stats/players/19869/try?csVersion=CS2
vsm,7597,61.3%,10069,https://www.hltv.org/stats/players/16816/vsm?csVersion=CS2
junior,10317,34.9%,13471,https://www.hltv.org/stats/players/14494/junior?csVersion=CS2
h4rn,3342,35.5%,4341,https://www.hltv.org/stats/players/20097/h4rn?csVersion=CS2
BiBiAhn,3410,49.6%,4476,https://www.hltv.org/stats/players/18641/bibiahn?csVersion=CS2
tomaszin,10668,52.9%,14309,https://www.hltv.org/stats/players/22570/tomaszin?csVersion=CS2
molodoy,6858,34.1%,8826,https://www.hltv.org/stats/players/24144/molodoy?csVersion=CS2
Jeorge,9422,52.9%,12989,https://www.hltv.org/stats/players/20333/jeorge?csVersion=CS2
XANTARES,8070,55.5%,10752,https://www.hltv.org/stats/players/7938/xantares?csVersion=CS2
nilo,8903,56.9%,11563,https://www.hltv.org/stats/players/20119/nilo?csVersion=CS2
Ph1NNN,3532,53.3%,4750,https://www.hltv.org/stats/players/23429/ph1nnn?csVersion=CS2
Magnojez,10615,54.3%,14239,https://www.hltv.org/stats/players/21667/magnojez?csVersion=CS2
npl,11361,56.9%,15234,https://www.hltv.org/stats/players/21708/npl?csVersion=CS2
HeavyGod,7128,56.2%,9976,https://www.hltv.org/stats/players/20447/heavygod?csVersion=CS2
Wolffe,5913,58.4%,8012,https://www.hltv.org/stats/players/17622/wolffe?csVersion=CS2
Lake,7639,51.6%,10144,https://www.hltv.org/stats/players/22921/lake?csVersion=CS2
cairne,7120,53.2%,9497,https://www.hltv.org/stats/players/24283/cairne?csVersion=CS2
gr1ks,11694,33.8%,15163,https://www.hltv.org/stats/players/22884/gr1ks?csVersion=CS2
frozen,8076,51.6%,11272,https://www.hltv.org/stats/players/9960/frozen?csVersion=CS2
piriajr,8801,54.4%,11673,https://www.hltv.org/stats/players/18714/piriajr?csVersion=CS2
xelex,4809,63.8%,6366,https://www.hltv.org/stats/players/24457/xelex?csVersion=CS2
Fawx,3848,36.4%,4898,https://www.hltv.org/stats/players/23391/fawx?csVersion=CS2
NiKo,7847,55.1%,10854,https://www.hltv.org/stats/players/3741/niko?csVersion=CS2
Zucar,3697,54.0%,5062,https://www.hltv.org/stats/players/23136/zucar?csVersion=CS2
ropz,8556,53.2%,11653,https://www.hltv.org/stats/players/11816/ropz?csVersion=CS2
ct0m,3629,59.0%,4959,https://www.hltv.org/stats/players/22350/ct0m?csVersion=CS2
smooya,8232,31.8%,10492,https://www.hltv.org/stats/players/11271/smooya?csVersion=CS2
Twistzz,7847,59.5%,10934,https://www.hltv.org/stats/players/10394/twistzz?csVersion=CS2
mhL,4626,35.4%,6017,https://www.hltv.org/stats/players/16847/mhl?csVersion=CS2
empathy,4605,45.9%,5889,https://www.hltv.org/stats/players/22302/empathy?csVersion=CS2
dea,7424,38.4%,9850,https://www.hltv.org/stats/players/20692/dea?csVersion=CS2
dumau,9361,45.8%,12525,https://www.hltv.org/stats/players/15698/dumau?csVersion=CS2
Chucky,5610,34.6%,7650,https://www.hltv.org/stats/players/22481/chucky?csVersion=CS2
vicu,4299,31.7%,5670,https://www.hltv.org/stats/players/22062/vicu?csVersion=CS2
sk0R,5413,50.5%,6827,https://www.hltv.org/stats/players/18638/sk0r?csVersion=CS2
makazze,8825,53.5%,11927,https://www.hltv.org/stats/players/22673/makazze?csVersion=CS2
r3salt,12941,58.5%,17657,https://www.hltv.org/stats/players/20709/r3salt?csVersion=CS2
phzy,7549,32.6%,10155,https://www.hltv.org/stats/players/16726/phzy?csVersion=CS2
tenzy,7401,63.0%,9973,https://www.hltv.org/stats/players/24173/tenzy?csVersion=CS2
z4KR,5987,40.3%,8150,https://www.hltv.org/stats/players/18744/z4kr?csVersion=CS2
ASTRA,3101,39.5%,4279,https://www.hltv.org/stats/players/21849/astra?csVersion=CS2
b1t,7092,63.2%,9825,https://www.hltv.org/stats/players/18987/b1t?csVersion=CS2
MATYS,10037,64.3%,13568,https://www.hltv.org/stats/players/21062/matys?csVersion=CS2
Brehze,3686,58.9%,5030,https://www.hltv.org/stats/players/9136/brehze?csVersion=CS2
Senzu,7733,60.5%,10455,https://www.hltv.org/stats/players/20903/senzu?csVersion=CS2
shadiy,5251,49.8%,7011,https://www.hltv.org/stats/players/20003/shadiy?csVersion=CS2
nEMANHA,16304,55.0%,22713,https://www.hltv.org/stats/players/8311/nemanha?csVersion=CS2
xKacpersky,7407,55.6%,9950,https://www.hltv.org/stats/players/23372/xkacpersky?csVersion=CS2
MarKE,5725,57.6%,7982,https://www.hltv.org/stats/players/10892/marke?csVersion=CS2
z1Nny,9149,57.6%,12709,https://www.hltv.org/stats/players/22040/z1nny?csVersion=CS2
MaiL09,5537,63.1%,7580,https://www.hltv.org/stats/players/24083/mail09?csVersion=CS2
koala,10307,51.6%,14451,https://www.hltv.org/stats/players/21170/koala?csVersion=CS2
Alv,5472,33.9%,7034,https://www.hltv.org/stats/players/23764/alv?csVersion=CS2
mizu,6054,50.2%,8430,https://www.hltv.org/stats/players/21385/mizu?csVersion=CS2
Rainwaker,9294,45.6%,13168,https://www.hltv.org/stats/players/17145/rainwaker?csVersion=CS2
flouzer,5761,51.8%,7864,https://www.hltv.org/stats/players/24568/flouzer?csVersion=CS2
slaxz-,8378,33.3%,11536,https://www.hltv.org/stats/players/15370/slaxz?csVersion=CS2
ANa,3224,27.7%,4358,https://www.hltv.org/stats/players/12758/ana?csVersion=CS2
dav1deuS,9881,54.8%,13335,https://www.hltv.org/stats/players/18865/dav1deus?csVersion=CS2
Zesta,4062,60.7%,5604,https://www.hltv.org/stats/players/23457/zesta?csVersion=CS2
Dawy,7172,51.8%,9596,https://www.hltv.org/stats/players/24282/dawy?csVersion=CS2
Kaide,11851,50.2%,15708,https://www.hltv.org/stats/players/22326/kaide?csVersion=CS2
flameZ,6852,53.3%,9842,https://www.hltv.org/stats/players/16693/flamez?csVersion=CS2
tN1R,11001,57.7%,15234,https://www.hltv.org/stats/players/19808/tn1r?csVersion=CS2
ChildKing,5905,59.4%,7844,https://www.hltv.org/stats/players/19681/childking?csVersion=CS2
malbsMd,8310,65.9%,11278,https://www.hltv.org/stats/players/11617/malbsmd?csVersion=CS2
doc,12432,55.1%,16665,https://www.hltv.org/stats/players/22911/doc?csVersion=CS2
BeaKie,3339,45.9%,4660,https://www.hltv.org/stats/players/20204/beakie?csVersion=CS2
jambo,12455,41.5%,16806,https://www.hltv.org/stats/players/23046/jambo?csVersion=CS2
d1Ledez,11030,61.3%,15415,https://www.hltv.org/stats/players/20357/d1ledez?csVersion=CS2
ewjerkz,7321,53.7%,10575,https://www.hltv.org/stats/players/20464/ewjerkz?csVersion=CS2
PwnAlone,3161,34.5%,4307,https://www.hltv.org/stats/players/15090/pwnalone?csVersion=CS2
Infinite,5039,52.8%,7128,https://www.hltv.org/stats/players/14619/infinite?csVersion=CS2
luchov,10959,63.7%,15061,https://www.hltv.org/stats/players/20394/luchov?csVersion=CS2
ckzao,4932,55.3%,6736,https://www.hltv.org/stats/players/19972/ckzao?csVersion=CS2
Pose1doNN,5074,39.9%,6592,https://www.hltv.org/stats/players/20787/pose1donn?csVersion=CS2
HObbit,6798,50.2%,9408,https://www.hltv.org/stats/players/8528/hobbit?csVersion=CS2
Lucky,12369,47.0%,17168,https://www.hltv.org/stats/players/13843/lucky?csVersion=CS2
MiQ,4377,48.7%,5931,https://www.hltv.org/stats/players/22333/miq?csVersion=CS2
kashl1d,6147,32.6%,8714,https://www.hltv.org/stats/players/23686/kashl1d?csVersion=CS2
Moseyuh,5222,55.9%,7321,https://www.hltv.org/stats/players/21621/moseyuh?csVersion=CS2
EliGE,6801,54.5%,9191,https://www.hltv.org/stats/players/8738/elige?csVersion=CS2
demente,3703,53.1%,5104,https://www.hltv.org/stats/players/23543/demente?csVersion=CS2
JBa,7700,54.7%,10866,https://www.hltv.org/stats/players/21665/jba?csVersion=CS2
INS,5053,49.1%,7193,https://www.hltv.org/stats/players/11140/ins?csVersion=CS2
reiko,10921,47.7%,14305,https://www.hltv.org/stats/players/15203/reiko?csVersion=CS2
aliStair,5234,32.2%,7443,https://www.hltv.org/stats/players/11139/alistair?csVersion=CS2
MartinezSa,8926,36.4%,12124,https://www.hltv.org/stats/players/21239/martinezsa?csVersion=CS2
Sonic,7468,54.8%,10358,https://www.hltv.org/stats/players/8711/sonic?csVersion=CS2
Hanka,3141,47.5%,4343,https://www.hltv.org/stats/players/22063/hanka?csVersion=CS2
ryu,10043,55.1%,14141,https://www.hltv.org/stats/players/21217/ryu?csVersion=CS2
Kvem,8634,57.8%,11544,https://www.hltv.org/stats/players/21452/kvem?csVersion=CS2
oSee,6609,35.8%,9227,https://www.hltv.org/stats/players/13249/osee?csVersion=CS2
nin9,5949,39.0%,8249,https://www.hltv.org/stats/players/15072/nin9?csVersion=CS2
w0nderful,7519,37.5%,10414,https://www.hltv.org/stats/players/20127/w0nderful?csVersion=CS2
gbb,10618,51.2%,14831,https://www.hltv.org/stats/players/20522/gbb?csVersion=CS2
nicoodoz,11310,47.8%,14682,https://www.hltv.org/stats/players/13602/nicoodoz?csVersion=CS2
cool4st,4653,40.6%,6409,https://www.hltv.org/stats/players/19537/cool4st?csVersion=CS2
Krimbo,7113,51.9%,10446,https://www.hltv.org/stats/players/19899/krimbo?csVersion=CS2
St0m4k,3826,51.1%,5441,https://www.hltv.org/stats/players/24281/st0m4k?csVersion=CS2
OneUn1que,7012,51.0%,9715,https://www.hltv.org/stats/players/22649/oneun1que?csVersion=CS2
lattykk,7663,36.6%,10735,https://www.hltv.org/stats/players/20700/lattykk?csVersion=CS2
CLASIA,4551,52.5%,6698,https://www.hltv.org/stats/players/19846/clasia?csVersion=CS2
Spinx,6945,56.3%,9608,https://www.hltv.org/stats/players/18221/spinx?csVersion=CS2
sliimey,4891,52.5%,6840,https://www.hltv.org/stats/players/20881/sliimey?csVersion=CS2
decenty,9543,52.1%,12871,https://www.hltv.org/stats/players/20183/decenty?csVersion=CS2
Fruitcupx,6165,51.2%,8465,https://www.hltv.org/stats/players/19079/fruitcupx?csVersion=CS2
Liazz,4905,48.1%,7373,https://www.hltv.org/stats/players/10588/liazz?csVersion=CS2
adamb,9730,56.7%,13774,https://www.hltv.org/stats/players/20878/adamb?csVersion=CS2
consti,5599,37.1%,7659,https://www.hltv.org/stats/players/19177/consti?csVersion=CS2
z1k4,5864,32.8%,7840,https://www.hltv.org/stats/players/23762/z1k4?csVersion=CS2
JDC,8920,51.4%,12345,https://www.hltv.org/stats/players/14929/jdc?csVersion=CS2
shg,3414,59.8%,4767,https://www.hltv.org/stats/players/21363/shg?csVersion=CS2
Grizz,7502,56.0%,10215,https://www.hltv.org/stats/players/22069/grizz?csVersion=CS2
k0s,3262,49.5%,4469,https://www.hltv.org/stats/players/22430/k0s?csVersion=CS2
Vexite,5120,56.4%,7193,https://www.hltv.org/stats/players/17384/vexite?csVersion=CS2
tAk,3842,51.4%,5299,https://www.hltv.org/stats/players/21272/tak?csVersion=CS2
Porya,3196,52.3%,4414,https://www.hltv.org/stats/players/17293/porya?csVersion=CS2
xeedo,6266,51.9%,8639,https://www.hltv.org/stats/players/22886/xeedo?csVersion=CS2
Caleyy,6921,61.5%,9083,https://www.hltv.org/stats/players/21108/caleyy?csVersion=CS2
REZ,6946,57.2%,9679,https://www.hltv.org/stats/players/9278/rez?csVersion=CS2
Tiger,3894,36.0%,5317,https://www.hltv.org/stats/players/20808/tiger?csVersion=CS2
Swisher,7928,48.1%,11671,https://www.hltv.org/stats/players/16599/swisher?csVersion=CS2
dwushka,6948,63.8%,9871,https://www.hltv.org/stats/players/22535/dwushka?csVersion=CS2
dgt,7415,52.3%,10127,https://www.hltv.org/stats/players/14736/dgt?csVersion=CS2
lauNX,9091,57.2%,12631,https://www.hltv.org/stats/players/20761/launx?csVersion=CS2
FaNg,5818,60.1%,7641,https://www.hltv.org/stats/players/17372/fang?csVersion=CS2
nqz,9013,32.2%,12818,https://www.hltv.org/stats/players/19694/nqz?csVersion=CS2
stressarN,5061,53.2%,6882,https://www.hltv.org/stats/players/23459/stressarn?csVersion=CS2
flayy,9066,36.8%,12283,https://www.hltv.org/stats/players/21715/flayy?csVersion=CS2
Wicadia,8138,54.8%,11007,https://www.hltv.org/stats/players/21243/wicadia?csVersion=CS2
xertioN,7393,51.7%,10410,https://www.hltv.org/stats/players/20312/xertion?csVersion=CS2
nardes,4181,34.0%,5822,https://www.hltv.org/stats/players/24772/nardes?csVersion=CS2
jL,4749,55.9%,6781,https://www.hltv.org/stats/players/19206/jl?csVersion=CS2
venomzera,10262,59.8%,14960,https://www.hltv.org/stats/players/21288/venomzera?csVersion=CS2
eraa,12349,35.0%,15937,https://www.hltv.org/stats/players/16487/eraa?csVersion=CS2
JBOEN,5169,38.8%,7108,https://www.hltv.org/stats/players/22866/jboen?csVersion=CS2
spirit,8212,56.0%,11487,https://www.hltv.org/stats/players/21367/spirit?csVersion=CS2
DGL,4668,38.3%,6216,https://www.hltv.org/stats/players/20289/dgl?csVersion=CS2
yAmi,5116,55.0%,6935,https://www.hltv.org/stats/players/19536/yami?csVersion=CS2
leakz,6755,57.2%,9591,https://www.hltv.org/stats/players/21571/leakz?csVersion=CS2
regali,3757,37.9%,5066,https://www.hltv.org/stats/players/20123/regali?csVersion=CS2
PR,9117,53.6%,12897,https://www.hltv.org/stats/players/22279/pr?csVersion=CS2
L1haNg,7058,58.1%,9751,https://www.hltv.org/stats/players/21825/l1hang?csVersion=CS2
keen,4804,38.4%,6485,https://www.hltv.org/stats/players/14990/keen?csVersion=CS2
soulfly,8749,51.4%,12148,https://www.hltv.org/stats/players/20968/soulfly?csVersion=CS2
HEN1,6416,32.8%,9487,https://www.hltv.org/stats/players/8565/hen1?csVersion=CS2
Banjo,7809,49.6%,11569,https://www.hltv.org/stats/players/20625/banjo?csVersion=CS2
Djon8,10134,57.6%,13705,https://www.hltv.org/stats/players/24171/djon8?csVersion=CS2
syph0,8021,58.1%,11537,https://www.hltv.org/stats/players/23319/syph0?csVersion=CS2
xfl0ud,8335,53.9%,11788,https://www.hltv.org/stats/players/19187/xfl0ud?csVersion=CS2
cobrazera,5115,59.3%,7166,https://www.hltv.org/stats/players/23402/cobrazera?csVersion=CS2
maxster,7407,57.1%,10511,https://www.hltv.org/stats/players/20879/maxster?csVersion=CS2
poiii,9103,57.5%,12739,https://www.hltv.org/stats/players/23397/poiii?csVersion=CS2
Ax1Le,7529,49.8%,10845,https://www.hltv.org/stats/players/16555/ax1le?csVersion=CS2
Jame,10169,30.3%,14537,https://www.hltv.org/stats/players/13776/jame?csVersion=CS2
FenomeN,12227,31.0%,17143,https://www.hltv.org/stats/players/22879/fenomen?csVersion=CS2
Starry,5403,59.7%,7558,https://www.hltv.org/stats/players/20254/starry?csVersion=CS2
executor,10200,51.3%,15100,https://www.hltv.org/stats/players/22927/executor?csVersion=CS2
spooke,11132,58.4%,15398,https://www.hltv.org/stats/players/19064/spooke?csVersion=CS2
r1nkle,8420,37.0%,11294,https://www.hltv.org/stats/players/20425/r1nkle?csVersion=CS2
ICY,6386,32.7%,8955,https://www.hltv.org/stats/players/21439/icy?csVersion=CS2
sugaR,9806,59.8%,14207,https://www.hltv.org/stats/players/18510/sugar?csVersion=CS2
tasman,4407,59.6%,6181,https://www.hltv.org/stats/players/23541/tasman?csVersion=CS2
ArtFr0st,9267,27.1%,12779,https://www.hltv.org/stats/players/21348/artfr0st?csVersion=CS2
Bwills,3692,52.3%,5229,https://www.hltv.org/stats/players/16647/bwills?csVersion=CS2
Zyphon,11385,58.4%,15885,https://www.hltv.org/stats/players/20090/zyphon?csVersion=CS2
saadzin,9154,37.4%,13133,https://www.hltv.org/stats/players/22965/saadzin?csVersion=CS2
MagnumZ,3240,37.8%,4397,https://www.hltv.org/stats/players/19538/magnumz?csVersion=CS2
oskar,8998,35.5%,12002,https://www.hltv.org/stats/players/798/oskar?csVersion=CS2
snav,10064,47.3%,14428,https://www.hltv.org/stats/players/19711/snav?csVersion=CS2
oz1k,5406,58.1%,8014,https://www.hltv.org/stats/players/23771/oz1k?csVersion=CS2
lash,4406,34.8%,6287,https://www.hltv.org/stats/players/22956/lash?csVersion=CS2
Jee,5637,32.4%,7801,https://www.hltv.org/stats/players/20702/jee?csVersion=CS2
jottAAA,8230,56.7%,11509,https://www.hltv.org/stats/players/22361/jottaaa?csVersion=CS2
HUASOPEEK,8394,59.4%,12263,https://www.hltv.org/stats/players/22613/huasopeek?csVersion=CS2
Markoś,6571,32.6%,9434,https://www.hltv.org/stats/players/11276/marko?csVersion=CS2
Drox,3237,59.5%,4413,https://www.hltv.org/stats/players/20396/drox?csVersion=CS2
b1elany,11004,54.0%,15991,https://www.hltv.org/stats/players/20637/b1elany?csVersion=CS2
Kylar,5963,59.4%,8633,https://www.hltv.org/stats/players/19114/kylar?csVersion=CS2
draken,10240,32.9%,13900,https://www.hltv.org/stats/players/9255/draken?csVersion=CS2
qw1nk1,5227,60.7%,7738,https://www.hltv.org/stats/players/24725/qw1nk1?csVersion=CS2
Maka,10617,40.5%,15229,https://www.hltv.org/stats/players/13138/maka?csVersion=CS2
lux,9417,52.4%,13534,https://www.hltv.org/stats/players/20563/lux?csVersion=CS2
glowiing,13788,56.7%,19368,https://www.hltv.org/stats/players/17508/glowiing?csVersion=CS2
aNdu,7661,58.7%,10568,https://www.hltv.org/stats/players/20926/andu?csVersion=CS2
br0,6683,57.1%,9650,https://www.hltv.org/stats/players/16717/br0?csVersion=CS2
coldzera,8272,50.2%,11882,https://www.hltv.org/stats/players/9216/coldzera?csVersion=CS2
Plopski,8208,50.3%,11612,https://www.hltv.org/stats/players/14218/plopski?csVersion=CS2
avid,11679,53.3%,16742,https://www.hltv.org/stats/players/22860/avid?csVersion=CS2
Terryyy,3444,50.2%,4774,https://www.hltv.org/stats/players/21395/terryyy?csVersion=CS2
relaxxie,6972,50.2%,9819,https://www.hltv.org/stats/players/23684/relaxxie?csVersion=CS2
tex1y,10620,56.1%,15442,https://www.hltv.org/stats/players/22930/tex1y?csVersion=CS2
dem0n,9119,69.4%,13196,https://www.hltv.org/stats/players/20584/dem0n?csVersion=CS2
bnox,14106,56.6%,19944,https://www.hltv.org/stats/players/20309/bnox?csVersion=CS2
misutaaa,8675,59.0%,12273,https://www.hltv.org/stats/players/14176/misutaaa?csVersion=CS2
Jimpphat,6377,52.0%,9532,https://www.hltv.org/stats/players/18850/jimpphat?csVersion=CS2
thamlike,4507,50.3%,6638,https://www.hltv.org/stats/players/11013/thamlike?csVersion=CS2
chengking,3241,50.8%,4436,https://www.hltv.org/stats/players/24304/chengking?csVersion=CS2
frontales,4202,34.7%,5926,https://www.hltv.org/stats/players/24806/frontales?csVersion=CS2
j3kie,10559,64.9%,14630,https://www.hltv.org/stats/players/20228/j3kie?csVersion=CS2
REDSTAR,8729,56.0%,12346,https://www.hltv.org/stats/players/15369/redstar?csVersion=CS2
atarax1a,6213,34.9%,8779,https://www.hltv.org/stats/players/20268/atarax1a?csVersion=CS2
hardzao,8938,51.9%,12664,https://www.hltv.org/stats/players/16817/hardzao?csVersion=CS2
NertZ,7723,53.6%,10714,https://www.hltv.org/stats/players/9436/nertz?csVersion=CS2
ksloks,8137,55.5%,11509,https://www.hltv.org/stats/players/22182/ksloks?csVersion=CS2
SHOCK,13698,56.5%,20327,https://www.hltv.org/stats/players/12810/shock?csVersion=CS2
Cxzi,7794,46.0%,10935,https://www.hltv.org/stats/players/17353/cxzi?csVersion=CS2
dpr,4205,47.1%,6052,https://www.hltv.org/stats/players/23345/dpr?csVersion=CS2
maxxkor,7058,37.2%,10003,https://www.hltv.org/stats/players/21221/maxxkor?csVersion=CS2
laxiee,4867,55.8%,6580,https://www.hltv.org/stats/players/23458/laxiee?csVersion=CS2
jocab,6751,50.2%,9321,https://www.hltv.org/stats/players/22759/jocab?csVersion=CS2
aidKiT,3806,33.5%,5232,https://www.hltv.org/stats/players/20066/aidkit?csVersion=CS2
sl3nd,5876,31.7%,8326,https://www.hltv.org/stats/players/20870/sl3nd?csVersion=CS2
nut nut,9743,57.8%,14706,https://www.hltv.org/stats/players/21779/nut-nut?csVersion=CS2
clax,12792,57.2%,18571,https://www.hltv.org/stats/players/12004/clax?csVersion=CS2
Alkaren,5233,30.7%,7469,https://www.hltv.org/stats/players/23600/alkaren?csVersion=CS2
swiz,5315,53.5%,7329,https://www.hltv.org/stats/players/22008/swiz?csVersion=CS2
m1N1,5565,40.8%,7514,https://www.hltv.org/stats/players/17675/m1n1?csVersion=CS2
n0rb3r7,6894,51.1%,10212,https://www.hltv.org/stats/players/16612/n0rb3r7?csVersion=CS2
kisserek,9128,55.5%,13258,https://www.hltv.org/stats/players/23295/kisserek?csVersion=CS2
XELLOW,11989,41.1%,16667,https://www.hltv.org/stats/players/9626/xellow?csVersion=CS2
drac,5551,47.8%,8039,https://www.hltv.org/stats/players/19742/drac?csVersion=CS2
xerolte,5476,55.4%,7814,https://www.hltv.org/stats/players/20703/xerolte?csVersion=CS2
JOTA,3922,50.6%,5670,https://www.hltv.org/stats/players/17861/jota?csVersion=CS2
Woro2k,10111,39.3%,13346,https://www.hltv.org/stats/players/16885/woro2k?csVersion=CS2
suonko,5944,60.0%,8306,https://www.hltv.org/stats/players/20686/suonko?csVersion=CS2
hazr,5064,60.6%,7404,https://www.hltv.org/stats/players/14294/hazr?csVersion=CS2
cJ dA K1nG,6086,53.4%,8627,https://www.hltv.org/stats/players/9571/cj-da-k1ng?csVersion=CS2
Jorko,4141,35.7%,5768,https://www.hltv.org/stats/players/24203/jorko?csVersion=CS2
pancc,4127,60.0%,5971,https://www.hltv.org/stats/players/16314/pancc?csVersion=CS2
sirah,12564,55.3%,17703,https://www.hltv.org/stats/players/22695/sirah?csVersion=CS2
mopoz,10243,54.5%,15108,https://www.hltv.org/stats/players/9254/mopoz?csVersion=CS2
DemQQ,10804,59.0%,15728,https://www.hltv.org/stats/players/19733/demqq?csVersion=CS2
tomate,7589,50.6%,11086,https://www.hltv.org/stats/players/23551/tomate?csVersion=CS2
oopee,4680,54.4%,6411,https://www.hltv.org/stats/players/14236/oopee?csVersion=CS2
8Juho8,3209,52.4%,4534,https://www.hltv.org/stats/players/24995/8juho8?csVersion=CS2
ogwizard,5788,35.4%,7950,https://www.hltv.org/stats/players/22967/ogwizard?csVersion=CS2
M1key,10651,47.1%,14873,https://www.hltv.org/stats/players/21165/m1key?csVersion=CS2
zweih,7077,53.9%,10256,https://www.hltv.org/stats/players/23685/zweih?csVersion=CS2
Mercury,6191,54.1%,8877,https://www.hltv.org/stats/players/20895/mercury?csVersion=CS2
wieenN,2957,61.0%,4121,https://www.hltv.org/stats/players/24005/wieenn?csVersion=CS2
afro,8748,32.8%,12381,https://www.hltv.org/stats/players/19926/afro?csVersion=CS2
kensizor,8376,60.2%,11545,https://www.hltv.org/stats/players/22842/kensizor?csVersion=CS2
reck,6307,53.9%,9444,https://www.hltv.org/stats/players/17378/reck?csVersion=CS2
danistzz,10038,47.4%,13957,https://www.hltv.org/stats/players/22039/danistzz?csVersion=CS2
s0und,11943,65.2%,16823,https://www.hltv.org/stats/players/19817/s0und?csVersion=CS2
shane,7982,59.9%,11674,https://www.hltv.org/stats/players/19709/shane?csVersion=CS2
device,6890,34.6%,9761,https://www.hltv.org/stats/players/7592/device?csVersion=CS2
forsyy,13945,31.6%,19550,https://www.hltv.org/stats/players/19069/forsyy?csVersion=CS2
xiELO,10554,60.3%,14739,https://www.hltv.org/stats/players/22471/xielo?csVersion=CS2
dziugss,8525,56.3%,12806,https://www.hltv.org/stats/players/23553/dziugss?csVersion=CS2
NAF,6295,49.4%,9325,https://www.hltv.org/stats/players/8520/naf?csVersion=CS2
rage,3988,52.1%,5318,https://www.hltv.org/stats/players/20807/rage?csVersion=CS2
Kursy,4704,46.5%,6206,https://www.hltv.org/stats/players/20482/kursy?csVersion=CS2
cass1n,7145,33.1%,10083,https://www.hltv.org/stats/players/20185/cass1n?csVersion=CS2
TruNiQ,7174,58.2%,10279,https://www.hltv.org/stats/players/21362/truniq?csVersion=CS2
FL4MUS,6835,62.2%,9592,https://www.hltv.org/stats/players/20994/fl4mus?csVersion=CS2
faveN,10286,59.4%,14702,https://www.hltv.org/stats/players/14932/faven?csVersion=CS2
refrezh,6699,51.7%,9785,https://www.hltv.org/stats/players/10610/refrezh?csVersion=CS2
oxygeN,5729,62.8%,8384,https://www.hltv.org/stats/players/18697/oxygen?csVersion=CS2
TRAVIS,10313,56.1%,15749,https://www.hltv.org/stats/players/16948/travis?csVersion=CS2
sdy,8274,50.5%,11529,https://www.hltv.org/stats/players/12731/sdy?csVersion=CS2
synyx,9461,56.3%,13397,https://www.hltv.org/stats/players/20402/synyx?csVersion=CS2
WolfY,8632,37.7%,12251,https://www.hltv.org/stats/players/12937/wolfy?csVersion=CS2
headtr1ck,9101,33.6%,12776,https://www.hltv.org/stats/players/19592/headtr1ck?csVersion=CS2
somebody,3994,49.2%,5562,https://www.hltv.org/stats/players/8605/somebody?csVersion=CS2
SunPayus,7001,35.4%,10060,https://www.hltv.org/stats/players/19164/sunpayus?csVersion=CS2
rdnzao,11495,52.8%,16663,https://www.hltv.org/stats/players/21921/rdnzao?csVersion=CS2
Re1GN,4383,58.9%,6129,https://www.hltv.org/stats/players/19962/re1gn?csVersion=CS2
togs,6296,49.1%,8861,https://www.hltv.org/stats/players/20084/togs?csVersion=CS2
SHiPZ,5757,55.7%,7797,https://www.hltv.org/stats/players/11343/shipz?csVersion=CS2
RUSH,4154,51.3%,6081,https://www.hltv.org/stats/players/7805/rush?csVersion=CS2
story,7396,35.5%,10500,https://www.hltv.org/stats/players/20462/story?csVersion=CS2
zorte,8719,35.1%,12220,https://www.hltv.org/stats/players/15662/zorte?csVersion=CS2
Staehr,6741,54.2%,9920,https://www.hltv.org/stats/players/20304/staehr?csVersion=CS2
chayJESUS,7434,52.5%,10870,https://www.hltv.org/stats/players/20026/chayjesus?csVersion=CS2
Zanto,5535,60.3%,8475,https://www.hltv.org/stats/players/21381/zanto?csVersion=CS2
BELCHONOKK,10228,49.7%,14777,https://www.hltv.org/stats/players/19235/belchonokk?csVersion=CS2
Botman,4386,49.9%,6411,https://www.hltv.org/stats/players/24105/botman?csVersion=CS2
Ryujin,9212,56.7%,13223,https://www.hltv.org/stats/players/19703/ryujin?csVersion=CS2
Matheos,6076,61.7%,8493,https://www.hltv.org/stats/players/24332/matheos?csVersion=CS2
mawth,3741,49.7%,5448,https://www.hltv.org/stats/players/10838/mawth?csVersion=CS2
abiraju,4673,55.5%,7027,https://www.hltv.org/stats/players/21445/abiraju?csVersion=CS2
Cjoffo,15542,61.4%,23441,https://www.hltv.org/stats/players/21302/cjoffo?csVersion=CS2
KEi,6428,49.8%,9054,https://www.hltv.org/stats/players/17504/kei?csVersion=CS2
noway,9783,53.5%,14258,https://www.hltv.org/stats/players/22564/noway?csVersion=CS2
Xant3r,10163,57.0%,15306,https://www.hltv.org/stats/players/20387/xant3r?csVersion=CS2
VLDN,7814,56.4%,11938,https://www.hltv.org/stats/players/20813/vldn?csVersion=CS2
Roninbaby,3138,58.3%,4292,https://www.hltv.org/stats/players/19735/roninbaby?csVersion=CS2
tom1jed,6467,68.0%,9176,https://www.hltv.org/stats/players/18554/tom1jed?csVersion=CS2
diozera,4872,56.2%,7017,https://www.hltv.org/stats/players/22777/diozera?csVersion=CS2
Dragon,9419,53.3%,13108,https://www.hltv.org/stats/players/20253/dragon?csVersion=CS2
Misfit,3362,32.6%,4903,https://www.hltv.org/stats/players/22163/misfit?csVersion=CS2
KalubeR,4106,53.7%,5885,https://www.hltv.org/stats/players/15385/kaluber?csVersion=CS2
910,8233,34.2%,11555,https://www.hltv.org/stats/players/21809/910?csVersion=CS2
Mokuj1n,6317,56.8%,9473,https://www.hltv.org/stats/players/24176/mokuj1n?csVersion=CS2
iM,6879,46.1%,9825,https://www.hltv.org/stats/players/14759/im?csVersion=CS2
hypex,5983,41.7%,8749,https://www.hltv.org/stats/players/23766/hypex?csVersion=CS2
slump,3653,37.7%,5120,https://www.hltv.org/stats/players/24048/slump?csVersion=CS2
bl1x1,11804,63.3%,17845,https://www.hltv.org/stats/players/22803/bl1x1?csVersion=CS2
CRUC1AL,6592,32.1%,9123,https://www.hltv.org/stats/players/7996/cruc1al?csVersion=CS2
4X1s,4585,53.5%,6599,https://www.hltv.org/stats/players/21513/4x1s?csVersion=CS2
olimp,8571,52.3%,12618,https://www.hltv.org/stats/players/21263/olimp?csVersion=CS2
jcobbb,5721,64.9%,8266,https://www.hltv.org/stats/players/22383/jcobbb?csVersion=CS2
Anlelele,10951,47.3%,15791,https://www.hltv.org/stats/players/20417/anlelele?csVersion=CS2
hallzerk,5402,40.4%,7846,https://www.hltv.org/stats/players/12840/hallzerk?csVersion=CS2
Grim,6376,51.2%,8933,https://www.hltv.org/stats/players/13578/grim?csVersion=CS2
mantuu,8549,31.6%,12064,https://www.hltv.org/stats/players/10981/mantuu?csVersion=CS2
khaN,11227,35.5%,15632,https://www.hltv.org/stats/players/23317/khan?csVersion=CS2
realz1n,4312,54.5%,6592,https://www.hltv.org/stats/players/16769/realz1n?csVersion=CS2
sjuush,8236,52.4%,12229,https://www.hltv.org/stats/players/14148/sjuush?csVersion=CS2
cronuss,5629,56.8%,7955,https://www.hltv.org/stats/players/23770/cronuss?csVersion=CS2
moonwalk,5337,62.0%,7845,https://www.hltv.org/stats/players/22703/moonwalk?csVersion=CS2
kade0,4163,52.4%,6212,https://www.hltv.org/stats/players/18752/kade0?csVersion=CS2
stavn,4806,45.5%,6833,https://www.hltv.org/stats/players/10994/stavn?csVersion=CS2
NickyB,3129,52.0%,4650,https://www.hltv.org/stats/players/24104/nickyb?csVersion=CS2
zont1x,5782,39.2%,8938,https://www.hltv.org/stats/players/20423/zont1x?csVersion=CS2
adamS,7493,41.1%,10942,https://www.hltv.org/stats/players/19698/adams?csVersion=CS2
BOROS,5177,68.0%,6857,https://www.hltv.org/stats/players/19763/boros?csVersion=CS2
mezii,6392,57.4%,9995,https://www.hltv.org/stats/players/18462/mezii?csVersion=CS2
Neityu,10739,54.2%,15953,https://www.hltv.org/stats/players/21972/neityu?csVersion=CS2
Fessor,3962,60.4%,5531,https://www.hltv.org/stats/players/16718/fessor?csVersion=CS2
Botpa1,3240,59.4%,4713,https://www.hltv.org/stats/players/25010/botpa1?csVersion=CS2
nota,8974,58.8%,12946,https://www.hltv.org/stats/players/22929/nota?csVersion=CS2
jackasmo,12071,61.4%,17384,https://www.hltv.org/stats/players/23414/jackasmo?csVersion=CS2
kmrn,4160,52.8%,6073,https://www.hltv.org/stats/players/20572/kmrn?csVersion=CS2
pavv,3842,54.1%,5500,https://www.hltv.org/stats/players/19086/pavv?csVersion=CS2
2high,4983,48.1%,7454,https://www.hltv.org/stats/players/20677/2high?csVersion=CS2
SaVage,3517,59.4%,5388,https://www.hltv.org/stats/players/20244/savage?csVersion=CS2
ZEDKO,9371,62.6%,13658,https://www.hltv.org/stats/players/8488/zedko?csVersion=CS2
pepe,4262,56.2%,6272,https://www.hltv.org/stats/players/23461/pepe?csVersion=CS2
cptkurtka023,10931,58.7%,15929,https://www.hltv.org/stats/players/16147/cptkurtka023?csVersion=CS2
teme,6504,55.0%,9695,https://www.hltv.org/stats/players/22733/teme?csVersion=CS2
damyo,5658,54.0%,7921,https://www.hltv.org/stats/players/19906/damyo?csVersion=CS2
sowalio,8874,57.3%,13107,https://www.hltv.org/stats/players/22325/sowalio?csVersion=CS2
Sdaim,13067,58.2%,19423,https://www.hltv.org/stats/players/23047/sdaim?csVersion=CS2
nawwk,9799,40.0%,14077,https://www.hltv.org/stats/players/13670/nawwk?csVersion=CS2
Peeping,8122,56.9%,11520,https://www.hltv.org/stats/players/22135/peeping?csVersion=CS2
nacho,5025,60.5%,7312,https://www.hltv.org/stats/players/19985/nacho?csVersion=CS2
krazy,5721,46.6%,8094,https://www.hltv.org/stats/players/23140/krazy?csVersion=CS2
lan,3245,39.9%,4441,https://www.hltv.org/stats/players/16768/lan?csVersion=CS2
Westmelon,5564,58.3%,8150,https://www.hltv.org/stats/players/16551/westmelon?csVersion=CS2
jabbi,6581,60.9%,9560,https://www.hltv.org/stats/players/17956/jabbi?csVersion=CS2
F1KU,6470,58.3%,9652,https://www.hltv.org/stats/players/19044/f1ku?csVersion=CS2
sausol,9904,53.9%,13915,https://www.hltv.org/stats/players/18749/sausol?csVersion=CS2
Krabeni,9638,58.2%,13548,https://www.hltv.org/stats/players/22203/krabeni?csVersion=CS2
brutmonster,16254,34.9%,23256,https://www.hltv.org/stats/players/21783/brutmonster?csVersion=CS2
BledarD,7317,33.2%,10229,https://www.hltv.org/stats/players/20434/bledard?csVersion=CS2
dycha,7176,57.3%,10646,https://www.hltv.org/stats/players/16080/dycha?csVersion=CS2
jks,3356,57.8%,5017,https://www.hltv.org/stats/players/4679/jks?csVersion=CS2
nifee,5501,56.2%,8157,https://www.hltv.org/stats/players/22643/nifee?csVersion=CS2
detr0ittJ,8116,33.9%,11704,https://www.hltv.org/stats/players/18610/detr0ittj?csVersion=CS2
abizz,5646,58.6%,8504,https://www.hltv.org/stats/players/20451/abizz?csVersion=CS2
hades,8751,32.4%,12199,https://www.hltv.org/stats/players/16848/hades?csVersion=CS2
shield,4602,31.6%,6645,https://www.hltv.org/stats/players/17117/shield?csVersion=CS2
arrozdoce,7261,59.2%,11184,https://www.hltv.org/stats/players/20465/arrozdoce?csVersion=CS2
hAdji,8408,53.8%,11982,https://www.hltv.org/stats/players/9656/hadji?csVersion=CS2
zevy,8446,36.2%,11922,https://www.hltv.org/stats/players/19692/zevy?csVersion=CS2
YumsaN,4079,35.1%,6044,https://www.hltv.org/stats/players/20504/yumsan?csVersion=CS2
Raijin,7504,59.6%,10821,https://www.hltv.org/stats/players/20207/raijin?csVersion=CS2
yiksrezo,3483,62.4%,4903,https://www.hltv.org/stats/players/24485/yiksrezo?csVersion=CS2
SpavaQu,7111,39.6%,9798,https://www.hltv.org/stats/players/24179/spavaqu?csVersion=CS2
DEPRESHN,4401,37.0%,6341,https://www.hltv.org/stats/players/19786/depreshn?csVersion=CS2
xm1nd,3330,37.3%,4722,https://www.hltv.org/stats/players/24114/xm1nd?csVersion=CS2
chelleos,5911,35.7%,8401,https://www.hltv.org/stats/players/12877/chelleos?csVersion=CS2
Demho,9684,50.5%,14926,https://www.hltv.org/stats/players/18070/demho?csVersion=CS2
Drop,3114,49.1%,4542,https://www.hltv.org/stats/players/22794/drop?csVersion=CS2
FL1T,5787,51.3%,8450,https://www.hltv.org/stats/players/12732/fl1t?csVersion=CS2
Alisson,5933,50.6%,8479,https://www.hltv.org/stats/players/20521/alisson?csVersion=CS2
ammar,6329,66.6%,9212,https://www.hltv.org/stats/players/21109/ammar?csVersion=CS2
kaze,4310,40.8%,6513,https://www.hltv.org/stats/players/8950/kaze?csVersion=CS2
ivz,5558,36.9%,8042,https://www.hltv.org/stats/players/20992/ivz?csVersion=CS2
Smash,9623,51.6%,14646,https://www.hltv.org/stats/players/18240/smash?csVersion=CS2
Frontsiderr,5040,58.8%,7475,https://www.hltv.org/stats/players/20945/frontsiderr?csVersion=CS2
woxic,7545,34.8%,10891,https://www.hltv.org/stats/players/8574/woxic?csVersion=CS2
fineshine52,5704,40.2%,8252,https://www.hltv.org/stats/players/23783/fineshine52?csVersion=CS2
ROUX,5964,55.3%,8610,https://www.hltv.org/stats/players/19229/roux?csVersion=CS2
Blytz,9777,53.9%,14039,https://www.hltv.org/stats/players/12945/blytz?csVersion=CS2
bobeksde,13189,58.7%,18907,https://www.hltv.org/stats/players/21159/bobeksde?csVersion=CS2
szejn,7746,53.8%,11186,https://www.hltv.org/stats/players/17113/szejn?csVersion=CS2
N1ghtraid,3480,34.4%,4767,https://www.hltv.org/stats/players/20320/n1ghtraid?csVersion=CS2
Burmylov,9442,37.9%,12902,https://www.hltv.org/stats/players/22904/burmylov?csVersion=CS2
Joey,3366,50.6%,4809,https://www.hltv.org/stats/players/25253/joey?csVersion=CS2
TeSeS,7569,58.8%,11529,https://www.hltv.org/stats/players/12018/teses?csVersion=CS2
torzsi,7334,33.8%,10410,https://www.hltv.org/stats/players/18072/torzsi?csVersion=CS2
pr1metapz,6063,56.9%,9408,https://www.hltv.org/stats/players/21139/pr1metapz?csVersion=CS2
MoDo,7135,33.4%,10317,https://www.hltv.org/stats/players/21113/modo?csVersion=CS2
KAISER,7759,37.0%,11821,https://www.hltv.org/stats/players/18322/kaiser?csVersion=CS2
yuurih,7414,47.7%,11362,https://www.hltv.org/stats/players/12553/yuurih?csVersion=CS2
autimatic,3123,51.9%,4530,https://www.hltv.org/stats/players/8735/autimatic?csVersion=CS2
Sandman,6260,56.3%,9058,https://www.hltv.org/stats/players/22552/sandman?csVersion=CS2
fr3nd,8831,36.5%,12218,https://www.hltv.org/stats/players/20018/fr3nd?csVersion=CS2
eightz999,4903,37.0%,6929,https://www.hltv.org/stats/players/20883/eightz999?csVersion=CS2
mag1k3Y,5836,36.3%,8155,https://www.hltv.org/stats/players/22536/mag1k3y?csVersion=CS2
history,6030,33.1%,8616,https://www.hltv.org/stats/players/20939/history?csVersion=CS2
podi,7734,31.1%,11002,https://www.hltv.org/stats/players/21815/podi?csVersion=CS2
anber,4462,61.3%,6424,https://www.hltv.org/stats/players/22948/anber?csVersion=CS2
tele,4158,55.2%,6042,https://www.hltv.org/stats/players/24556/tele?csVersion=CS2
nitr0,5358,52.9%,8253,https://www.hltv.org/stats/players/7687/nitr0?csVersion=CS2
fame,5918,60.4%,8875,https://www.hltv.org/stats/players/20101/fame?csVersion=CS2
Qlocuu,7604,53.6%,10927,https://www.hltv.org/stats/players/22473/qlocuu?csVersion=CS2
twist,10738,51.7%,16569,https://www.hltv.org/stats/players/7443/twist?csVersion=CS2
nyezin,6575,50.8%,9822,https://www.hltv.org/stats/players/22126/nyezin?csVersion=CS2
timo,4383,57.2%,6390,https://www.hltv.org/stats/players/24863/timo?csVersion=CS2
KaiR0N-,9604,57.0%,13532,https://www.hltv.org/stats/players/19920/kair0n?csVersion=CS2
biguzera,8962,55.3%,13709,https://www.hltv.org/stats/players/18141/biguzera?csVersion=CS2
s4ltovsk1yy,9047,39.2%,13040,https://www.hltv.org/stats/players/19614/s4ltovsk1yy?csVersion=CS2
7Kick,5802,43.6%,8498,https://www.hltv.org/stats/players/20889/7kick?csVersion=CS2
KIRO,10179,41.4%,15057,https://www.hltv.org/stats/players/20534/kiro?csVersion=CS2
kralle,3896,54.5%,5524,https://www.hltv.org/stats/players/22810/kralle?csVersion=CS2
yuramyata,7673,34.5%,10849,https://www.hltv.org/stats/players/24172/yuramyata?csVersion=CS2
Lucaozy,8700,50.4%,12319,https://www.hltv.org/stats/players/18717/lucaozy?csVersion=CS2
amster,8348,47.1%,12702,https://www.hltv.org/stats/players/19617/amster?csVersion=CS2
juanflatroo,7414,60.5%,10232,https://www.hltv.org/stats/players/17147/juanflatroo?csVersion=CS2
guty,4278,61.8%,6420,https://www.hltv.org/stats/players/24749/guty?csVersion=CS2
SaMey,11184,38.7%,16140,https://www.hltv.org/stats/players/20245/samey?csVersion=CS2
manguss,5794,47.9%,8397,https://www.hltv.org/stats/players/16432/manguss?csVersion=CS2
broky,7805,35.6%,11106,https://www.hltv.org/stats/players/18053/broky?csVersion=CS2
Polbandana,4126,60.5%,6040,https://www.hltv.org/stats/players/22680/polbandana?csVersion=CS2
snow,9173,49.1%,13772,https://www.hltv.org/stats/players/20171/snow?csVersion=CS2
gump,3800,54.1%,5628,https://www.hltv.org/stats/players/19730/gump?csVersion=CS2
imoRR,4205,47.3%,5887,https://www.hltv.org/stats/players/15835/imorr?csVersion=CS2
Walco,3933,58.0%,5875,https://www.hltv.org/stats/players/17929/walco?csVersion=CS2
AW,8476,56.1%,12437,https://www.hltv.org/stats/players/22076/aw?csVersion=CS2
zede,5858,63.2%,8444,https://www.hltv.org/stats/players/21100/zede?csVersion=CS2
rud,4141,33.9%,5626,https://www.hltv.org/stats/players/21512/rud?csVersion=CS2
Pechyn,3576,54.6%,5119,https://www.hltv.org/stats/players/12612/pechyn?csVersion=CS2
NOPEEj,5763,57.7%,8619,https://www.hltv.org/stats/players/16102/nopeej?csVersion=CS2
Patsi,11559,47.7%,16532,https://www.hltv.org/stats/players/19673/patsi?csVersion=CS2
mzinho,7658,65.3%,11555,https://www.hltv.org/stats/players/21001/mzinho?csVersion=CS2
naitte,11182,60.8%,15758,https://www.hltv.org/stats/players/17181/naitte?csVersion=CS2
sL1m3,6225,37.2%,8611,https://www.hltv.org/stats/players/22950/sl1m3?csVersion=CS2
adai,3279,65.0%,4571,https://www.hltv.org/stats/players/24021/adai?csVersion=CS2
felps,7948,49.0%,10871,https://www.hltv.org/stats/players/9219/felps?csVersion=CS2
Cryptic,8144,54.7%,11879,https://www.hltv.org/stats/players/15176/cryptic?csVersion=CS2
s1n,7372,53.7%,11641,https://www.hltv.org/stats/players/20104/s1n?csVersion=CS2
ISSAA,3013,51.5%,4414,https://www.hltv.org/stats/players/10449/issaa?csVersion=CS2
chop,7920,54.6%,11926,https://www.hltv.org/stats/players/19705/chop?csVersion=CS2
kRaSnaL,7725,53.0%,11328,https://www.hltv.org/stats/players/20282/krasnal?csVersion=CS2
lov1kus,10505,48.9%,14833,https://www.hltv.org/stats/players/20948/lov1kus?csVersion=CS2
Tauson,7198,48.2%,10679,https://www.hltv.org/stats/players/20301/tauson?csVersion=CS2
dexter,4785,54.4%,6856,https://www.hltv.org/stats/players/9115/dexter?csVersion=CS2
nbqq,13244,50.8%,19252,https://www.hltv.org/stats/players/19594/nbqq?csVersion=CS2
FinigaN,4130,51.3%,5824,https://www.hltv.org/stats/players/17305/finigan?csVersion=CS2
kAlash,7672,57.8%,11313,https://www.hltv.org/stats/players/21692/kalash?csVersion=CS2
Ag1l,6862,52.5%,10251,https://www.hltv.org/stats/players/21014/ag1l?csVersion=CS2
meyern,7838,50.8%,11728,https://www.hltv.org/stats/players/14737/meyern?csVersion=CS2
mo0N,6079,38.3%,8552,https://www.hltv.org/stats/players/23858/mo0n?csVersion=CS2
PerX,5546,52.3%,8458,https://www.hltv.org/stats/players/12290/perx?csVersion=CS2
bluewh1te,10734,54.6%,15888,https://www.hltv.org/stats/players/23302/bluewh1te?csVersion=CS2
urban0,6349,59.0%,9332,https://www.hltv.org/stats/players/22181/urban0?csVersion=CS2
notineki,10536,54.6%,16029,https://www.hltv.org/stats/players/21710/notineki?csVersion=CS2
djay,5502,51.3%,8037,https://www.hltv.org/stats/players/12102/djay?csVersion=CS2
shz,5105,53.3%,7511,https://www.hltv.org/stats/players/11739/shz?csVersion=CS2
forkyz,4527,53.2%,6641,https://www.hltv.org/stats/players/23599/forkyz?csVersion=CS2
Dytor,11266,49.0%,16791,https://www.hltv.org/stats/players/19815/dytor?csVersion=CS2
abr,6429,54.5%,9426,https://www.hltv.org/stats/players/17028/abr?csVersion=CS2
honda,3195,55.8%,4610,https://www.hltv.org/stats/players/20378/honda?csVersion=CS2
S1ren,9541,56.5%,14455,https://www.hltv.org/stats/players/18506/s1ren?csVersion=CS2
tomiko,9560,58.2%,13145,https://www.hltv.org/stats/players/20283/tomiko?csVersion=CS2
doni,3654,58.3%,5399,https://www.hltv.org/stats/players/24810/doni?csVersion=CS2
alex666,8712,49.6%,13047,https://www.hltv.org/stats/players/20112/alex666?csVersion=CS2
KusMe,7514,55.4%,11425,https://www.hltv.org/stats/players/23628/kusme?csVersion=CS2
Beccie,7832,56.8%,12006,https://www.hltv.org/stats/players/23338/beccie?csVersion=CS2
righi,5625,57.5%,8077,https://www.hltv.org/stats/players/21169/righi?csVersion=CS2
Calyx,6959,64.7%,10314,https://www.hltv.org/stats/players/8575/calyx?csVersion=CS2
t9rnay,3939,56.8%,5815,https://www.hltv.org/stats/players/18894/t9rnay?csVersion=CS2
Lucky,9971,46.2%,15177,https://www.hltv.org/stats/players/13497/lucky?csVersion=CS2
bajmi,9818,50.8%,14869,https://www.hltv.org/stats/players/20958/bajmi?csVersion=CS2
Marix,11903,55.9%,17484,https://www.hltv.org/stats/players/20110/marix?csVersion=CS2
NEUZ,3902,65.4%,5542,https://www.hltv.org/stats/players/15060/neuz?csVersion=CS2
Surreal,5150,50.9%,7739,https://www.hltv.org/stats/players/9019/surreal?csVersion=CS2
Girafffe,6060,54.0%,8964,https://www.hltv.org/stats/players/20340/girafffe?csVersion=CS2
Cabbi,14393,57.9%,20372,https://www.hltv.org/stats/players/16723/cabbi?csVersion=CS2
viz,3467,55.7%,5122,https://www.hltv.org/stats/players/18761/viz?csVersion=CS2
def1zer,4877,58.2%,7676,https://www.hltv.org/stats/players/22537/def1zer?csVersion=CS2
RaY5ive,3338,53.6%,5016,https://www.hltv.org/stats/players/23545/ray5ive?csVersion=CS2
Nikodeon,4000,59.6%,5858,https://www.hltv.org/stats/players/25255/nikodeon?csVersion=CS2
Flierax,6414,32.1%,9438,https://www.hltv.org/stats/players/23642/flierax?csVersion=CS2
kraghen,12557,50.6%,18756,https://www.hltv.org/stats/players/20300/kraghen?csVersion=CS2
naz,7968,60.8%,12089,https://www.hltv.org/stats/players/21155/naz?csVersion=CS2
Griller,3472,57.9%,5251,https://www.hltv.org/stats/players/22091/griller?csVersion=CS2
exit,7223,50.1%,11200,https://www.hltv.org/stats/players/11154/exit?csVersion=CS2
JACKZ,8896,58.6%,13209,https://www.hltv.org/stats/players/284/jackz?csVersion=CS2
YEKINDAR,6697,61.4%,9955,https://www.hltv.org/stats/players/13915/yekindar?csVersion=CS2
controlez,5113,51.0%,7229,https://www.hltv.org/stats/players/21398/controlez?csVersion=CS2
Bymas,4839,44.8%,7336,https://www.hltv.org/stats/players/19015/bymas?csVersion=CS2
nicks,3724,54.7%,5871,https://www.hltv.org/stats/players/22366/nicks?csVersion=CS2
dupreeh,3362,55.2%,4783,https://www.hltv.org/stats/players/7398/dupreeh?csVersion=CS2
OWNER,6463,53.0%,9189,https://www.hltv.org/stats/players/20422/owner?csVersion=CS2
C4LLM3SU3,3800,52.5%,5784,https://www.hltv.org/stats/players/23100/c4llm3su3?csVersion=CS2
NEOFRAG,8189,57.1%,11641,https://www.hltv.org/stats/players/15821/neofrag?csVersion=CS2
Tuurtle,6589,58.6%,9775,https://www.hltv.org/stats/players/14394/tuurtle?csVersion=CS2
n1Xen,10471,56.9%,15047,https://www.hltv.org/stats/players/16753/n1xen?csVersion=CS2
MistR,8818,50.6%,13624,https://www.hltv.org/stats/players/21199/mistr?csVersion=CS2
Altekz,8641,54.6%,13244,https://www.hltv.org/stats/players/16705/altekz?csVersion=CS2
f4stzin,4308,55.3%,6341,https://www.hltv.org/stats/players/18140/f4stzin?csVersion=CS2
kye,6414,58.6%,9497,https://www.hltv.org/stats/players/20385/kye?csVersion=CS2
ultimate,6303,38.9%,9018,https://www.hltv.org/stats/players/21763/ultimate?csVersion=CS2
Aaron,4858,52.5%,6970,https://www.hltv.org/stats/players/13317/aaron?csVersion=CS2
buda,6131,53.3%,9443,https://www.hltv.org/stats/players/20607/buda?csVersion=CS2
cmtry,8132,38.2%,12255,https://www.hltv.org/stats/players/22674/cmtry?csVersion=CS2
freshie,7324,48.9%,10817,https://www.hltv.org/stats/players/18706/freshie?csVersion=CS2
kyuubii,6955,51.3%,10466,https://www.hltv.org/stats/players/20170/kyuubii?csVersion=CS2
0SAMAS,4997,58.9%,7363,https://www.hltv.org/stats/players/22419/0samas?csVersion=CS2
m1QUSE,8850,47.5%,13430,https://www.hltv.org/stats/players/22880/m1quse?csVersion=CS2
VINI,8853,48.6%,14258,https://www.hltv.org/stats/players/12822/vini?csVersion=CS2
Melavi,3764,36.7%,5260,https://www.hltv.org/stats/players/22385/melavi?csVersion=CS2
Buzz,5494,51.7%,8257,https://www.hltv.org/stats/players/20941/buzz?csVersion=CS2
rain,7064,58.9%,10752,https://www.hltv.org/stats/players/8183/rain?csVersion=CS2
allu,3542,33.6%,4915,https://www.hltv.org/stats/players/695/allu?csVersion=CS2
Krad,6861,55.4%,10518,https://www.hltv.org/stats/players/12027/krad?csVersion=CS2
swetsi,3600,31.0%,5013,https://www.hltv.org/stats/players/24607/swetsi?csVersion=CS2
Alxc,3377,67.6%,4894,https://www.hltv.org/stats/players/21963/alxc?csVersion=CS2
h1te,8184,33.5%,11849,https://www.hltv.org/stats/players/19231/h1te?csVersion=CS2
Djoko,10590,64.0%,15592,https://www.hltv.org/stats/players/19738/djoko?csVersion=CS2
bLitz,7721,49.0%,11555,https://www.hltv.org/stats/players/20194/blitz?csVersion=CS2
CYPHER,9473,56.9%,13961,https://www.hltv.org/stats/players/18571/cypher?csVersion=CS2
simke,10784,60.6%,16060,https://www.hltv.org/stats/players/21784/simke?csVersion=CS2
rekonz,3248,56.2%,4782,https://www.hltv.org/stats/players/17392/rekonz?csVersion=CS2
ponter,7216,55.2%,10949,https://www.hltv.org/stats/players/16835/ponter?csVersion=CS2
dare,5848,53.0%,8178,https://www.hltv.org/stats/players/19710/dare?csVersion=CS2
SLIGHT,8383,31.0%,12020,https://www.hltv.org/stats/players/19128/slight?csVersion=CS2
Machado,3364,38.4%,4705,https://www.hltv.org/stats/players/23829/machado?csVersion=CS2
EmiliaQAQ,5380,60.7%,8150,https://www.hltv.org/stats/players/22922/emiliaqaq?csVersion=CS2
shaiK,3399,51.9%,5134,https://www.hltv.org/stats/players/20114/shaik?csVersion=CS2
mason,4317,54.2%,6340,https://www.hltv.org/stats/players/23199/mason?csVersion=CS2
H4SAN4TOR,10480,49.1%,15527,https://www.hltv.org/stats/players/22189/h4san4tor?csVersion=CS2
jkaem,7473,55.7%,10476,https://www.hltv.org/stats/players/8248/jkaem?csVersion=CS2
prosus,6069,57.5%,8809,https://www.hltv.org/stats/players/19284/prosus?csVersion=CS2
zmb,8463,53.4%,12854,https://www.hltv.org/stats/players/14010/zmb?csVersion=CS2
ottob,3428,31.8%,4842,https://www.hltv.org/stats/players/22211/ottob?csVersion=CS2
Nodios,7083,59.1%,10868,https://www.hltv.org/stats/players/8891/nodios?csVersion=CS2
electroNic,5729,49.4%,8569,https://www.hltv.org/stats/players/8918/electronic?csVersion=CS2
Brooxsy,7507,61.6%,11032,https://www.hltv.org/stats/players/21971/brooxsy?csVersion=CS2
Lekr0,7774,55.9%,12306,https://www.hltv.org/stats/players/9261/lekr0?csVersion=CS2
destiny,10216,53.1%,15261,https://www.hltv.org/stats/players/9483/destiny?csVersion=CS2
twenty3,3877,59.4%,5629,https://www.hltv.org/stats/players/18775/twenty3?csVersion=CS2
valde,5454,51.8%,8511,https://www.hltv.org/stats/players/9031/valde?csVersion=CS2
Polt,4040,49.7%,5920,https://www.hltv.org/stats/players/16946/polt?csVersion=CS2
susp,6943,54.0%,10712,https://www.hltv.org/stats/players/21163/susp?csVersion=CS2
nicx,6295,59.3%,9512,https://www.hltv.org/stats/players/21620/nicx?csVersion=CS2
Pepo,5695,34.2%,8516,https://www.hltv.org/stats/players/23763/pepo?csVersion=CS2
acoR,7045,36.2%,10159,https://www.hltv.org/stats/players/10330/acor?csVersion=CS2
delboNi,4069,51.0%,5955,https://www.hltv.org/stats/players/11213/delboni?csVersion=CS2
roeJ,5051,58.6%,7476,https://www.hltv.org/stats/players/14419/roej?csVersion=CS2
cej0t,10906,56.5%,16072,https://www.hltv.org/stats/players/22702/cej0t?csVersion=CS2
dukefissura,3850,59.0%,5593,https://www.hltv.org/stats/players/19823/dukefissura?csVersion=CS2
AccuracyTG,3403,42.8%,5125,https://www.hltv.org/stats/players/22415/accuracytg?csVersion=CS2
levi,3661,36.9%,5352,https://www.hltv.org/stats/players/22371/levi?csVersion=CS2
Forester,7002,55.6%,10348,https://www.hltv.org/stats/players/13982/forester?csVersion=CS2
kL1o,6430,54.2%,9698,https://www.hltv.org/stats/players/21651/kl1o?csVersion=CS2
apocdud,4905,45.6%,7533,https://www.hltv.org/stats/players/12872/apocdud?csVersion=CS2
Norwi,12849,46.2%,19712,https://www.hltv.org/stats/players/19882/norwi?csVersion=CS2
Sobol,8773,54.4%,13530,https://www.hltv.org/stats/players/15940/sobol?csVersion=CS2
DSSj,9634,37.9%,13782,https://www.hltv.org/stats/players/18447/dssj?csVersion=CS2
kroK,4808,61.6%,7163,https://www.hltv.org/stats/players/21036/krok?csVersion=CS2
Kind0,9449,44.8%,13894,https://www.hltv.org/stats/players/20252/kind0?csVersion=CS2
hampus,8455,41.0%,12672,https://www.hltv.org/stats/players/9766/hampus?csVersion=CS2
Pipw,5037,56.7%,7621,https://www.hltv.org/stats/players/21630/pipw?csVersion=CS2
Maden,6534,54.7%,9391,https://www.hltv.org/stats/players/11777/maden?csVersion=CS2
jchancE,4534,39.5%,6290,https://www.hltv.org/stats/players/13689/jchance?csVersion=CS2
Vegi,4469,54.5%,6570,https://www.hltv.org/stats/players/15204/vegi?csVersion=CS2
marat2k,6370,58.6%,9723,https://www.hltv.org/stats/players/21650/marat2k?csVersion=CS2
volt,7706,54.0%,12006,https://www.hltv.org/stats/players/20358/volt?csVersion=CS2
kabal,2874,49.1%,4273,https://www.hltv.org/stats/players/10870/kabal?csVersion=CS2
drop,8636,56.1%,13475,https://www.hltv.org/stats/players/19750/drop?csVersion=CS2
Neqy,3363,58.7%,4950,https://www.hltv.org/stats/players/24704/neqy?csVersion=CS2
spinnie,3823,61.2%,5862,https://www.hltv.org/stats/players/22085/spinnie?csVersion=CS2
Omichella,4534,56.0%,6791,https://www.hltv.org/stats/players/22629/omichella?csVersion=CS2
Ex3rcice,10104,55.5%,15198,https://www.hltv.org/stats/players/19739/ex3rcice?csVersion=CS2
fl0m,3348,48.4%,5025,https://www.hltv.org/stats/players/8503/fl0m?csVersion=CS2
sstiNiX,9077,58.9%,13737,https://www.hltv.org/stats/players/21431/sstinix?csVersion=CS2
f1redup,2991,44.0%,4261,https://www.hltv.org/stats/players/23452/f1redup?csVersion=CS2
sSen,5283,54.7%,8054,https://www.hltv.org/stats/players/24113/ssen?csVersion=CS2
clouden,3099,53.3%,4528,https://www.hltv.org/stats/players/18150/clouden?csVersion=CS2
expSasiKi,2822,51.3%,4323,https://www.hltv.org/stats/players/23596/expsasiki?csVersion=CS2
phr,3552,54.3%,5570,https://www.hltv.org/stats/players/11891/phr?csVersion=CS2
myltsi,7652,53.2%,11164,https://www.hltv.org/stats/players/21233/myltsi?csVersion=CS2
lenci,4171,47.7%,6331,https://www.hltv.org/stats/players/17997/lenci?csVersion=CS2
RCF,4666,35.0%,6809,https://www.hltv.org/stats/players/11337/rcf?csVersion=CS2
tabseN,8559,52.1%,13412,https://www.hltv.org/stats/players/5794/tabsen?csVersion=CS2
rzk,3656,62.4%,5517,https://www.hltv.org/stats/players/23150/rzk?csVersion=CS2
Malkiss,6180,29.2%,9089,https://www.hltv.org/stats/players/21065/malkiss?csVersion=CS2
Sapec,10003,58.3%,15205,https://www.hltv.org/stats/players/15569/sapec?csVersion=CS2
CoolComs,3848,58.8%,5544,https://www.hltv.org/stats/players/23410/coolcoms?csVersion=CS2
n1ssim,5593,50.4%,8835,https://www.hltv.org/stats/players/19686/n1ssim?csVersion=CS2
d1maje,3272,57.5%,4772,https://www.hltv.org/stats/players/21117/d1maje?csVersion=CS2
MITHPUTTINI,4149,31.3%,6141,https://www.hltv.org/stats/players/16661/mithputtini?csVersion=CS2
rainny,3228,55.4%,4723,https://www.hltv.org/stats/players/22421/rainny?csVersion=CS2
kauez,9906,61.5%,14930,https://www.hltv.org/stats/players/20085/kauez?csVersion=CS2
xureba,8138,51.4%,12681,https://www.hltv.org/stats/players/22362/xureba?csVersion=CS2
gas,2969,59.4%,4285,https://www.hltv.org/stats/players/10722/gas?csVersion=CS2
hyped,8994,28.7%,12472,https://www.hltv.org/stats/players/21468/hyped?csVersion=CS2
shalfey,7729,49.4%,11375,https://www.hltv.org/stats/players/17011/shalfey?csVersion=CS2
kr1vda,4513,58.3%,7141,https://www.hltv.org/stats/players/20421/kr1vda?csVersion=CS2
Skrimo,5175,53.2%,7948,https://www.hltv.org/stats/players/21657/skrimo?csVersion=CS2
nosraC,8853,49.4%,13333,https://www.hltv.org/stats/players/17918/nosrac?csVersion=CS2
Tr0ublE,3060,37.1%,4386,https://www.hltv.org/stats/players/22945/tr0uble?csVersion=CS2
mlhzin,3096,48.3%,4632,https://www.hltv.org/stats/players/21286/mlhzin?csVersion=CS2
TMKj,5215,60.4%,8003,https://www.hltv.org/stats/players/23237/tmkj?csVersion=CS2
KRIMZ,8537,46.4%,13756,https://www.hltv.org/stats/players/7528/krimz?csVersion=CS2
KENSI,10828,52.4%,16086,https://www.hltv.org/stats/players/19236/kensi?csVersion=CS2
bsd,5994,35.1%,8813,https://www.hltv.org/stats/players/21099/bsd?csVersion=CS2
motm,5261,51.3%,8085,https://www.hltv.org/stats/players/13230/motm?csVersion=CS2
HEAP,11757,61.0%,17422,https://www.hltv.org/stats/players/16029/heap?csVersion=CS2
paz,5649,53.3%,8407,https://www.hltv.org/stats/players/9353/paz?csVersion=CS2
S3NSEY,3215,36.7%,4642,https://www.hltv.org/stats/players/19107/s3nsey?csVersion=CS2
Pump,4674,53.7%,7233,https://www.hltv.org/stats/players/23292/pump?csVersion=CS2
bondik,8693,52.2%,13773,https://www.hltv.org/stats/players/2131/bondik?csVersion=CS2
TjP,5496,62.0%,8346,https://www.hltv.org/stats/players/20527/tjp?csVersion=CS2
mello,5154,33.7%,7463,https://www.hltv.org/stats/players/22084/mello?csVersion=CS2
aragornN,4003,51.9%,6147,https://www.hltv.org/stats/players/22807/aragornn?csVersion=CS2
CacaNito,6701,53.5%,9717,https://www.hltv.org/stats/players/18790/cacanito?csVersion=CS2
fino,6325,34.2%,9195,https://www.hltv.org/stats/players/20839/fino?csVersion=CS2
magixx,4825,52.9%,8073,https://www.hltv.org/stats/players/18317/magixx?csVersion=CS2
Schwarz,6086,52.4%,8866,https://www.hltv.org/stats/players/24149/schwarz?csVersion=CS2
happ,7850,50.8%,12051,https://www.hltv.org/stats/players/21284/happ?csVersion=CS2
dvrk,3189,39.7%,4686,https://www.hltv.org/stats/players/23137/dvrk?csVersion=CS2
b4rtiN,5465,55.8%,8681,https://www.hltv.org/stats/players/17585/b4rtin?csVersion=CS2
delle,4583,54.7%,6865,https://www.hltv.org/stats/players/22060/delle?csVersion=CS2
nafany,7662,53.8%,11829,https://www.hltv.org/stats/players/16921/nafany?csVersion=CS2
N2o,3478,49.0%,4676,https://www.hltv.org/stats/players/21705/n2o?csVersion=CS2
kwezz,9479,56.5%,14829,https://www.hltv.org/stats/players/13170/kwezz?csVersion=CS2
Ciocardau,6212,56.8%,9157,https://www.hltv.org/stats/players/15573/ciocardau?csVersion=CS2
matios,8403,55.1%,12939,https://www.hltv.org/stats/players/20897/matios?csVersion=CS2
Bibu,5890,59.6%,9336,https://www.hltv.org/stats/players/18163/bibu?csVersion=CS2
POLO,5670,34.5%,8350,https://www.hltv.org/stats/players/22474/polo?csVersion=CS2
danoco,5758,53.8%,8780,https://www.hltv.org/stats/players/16814/danoco?csVersion=CS2
saffee,5704,32.3%,8550,https://www.hltv.org/stats/players/18835/saffee?csVersion=CS2
kiR,3975,64.6%,5875,https://www.hltv.org/stats/players/10938/kir?csVersion=CS2
zock,8490,50.7%,12545,https://www.hltv.org/stats/players/20690/zock?csVersion=CS2
t3ns1on,6224,33.6%,9486,https://www.hltv.org/stats/players/21717/t3ns1on?csVersion=CS2
fury5k,3452,63.6%,5183,https://www.hltv.org/stats/players/21428/fury5k?csVersion=CS2
lukiz,4281,52.5%,6438,https://www.hltv.org/stats/players/23045/lukiz?csVersion=CS2
JW,11579,37.5%,17027,https://www.hltv.org/stats/players/3849/jw?csVersion=CS2
L00m1,6055,35.2%,9204,https://www.hltv.org/stats/players/21164/l00m1?csVersion=CS2
her1tage,2996,56.4%,4530,https://www.hltv.org/stats/players/22538/her1tage?csVersion=CS2
divine,4952,30.4%,7619,https://www.hltv.org/stats/players/23550/divine?csVersion=CS2
sh1nejezzz,6735,61.8%,10333,https://www.hltv.org/stats/players/22459/sh1nejezzz?csVersion=CS2
Noruyp,4482,26.8%,6143,https://www.hltv.org/stats/players/23471/noruyp?csVersion=CS2
AZUWU,9365,57.3%,13878,https://www.hltv.org/stats/players/22106/azuwu?csVersion=CS2
Goody,4573,50.1%,6810,https://www.hltv.org/stats/players/20782/goody?csVersion=CS2
brnz4n,6283,61.8%,9883,https://www.hltv.org/stats/players/20987/brnz4n?csVersion=CS2
buster,4561,54.0%,7222,https://www.hltv.org/stats/players/11942/buster?csVersion=CS2
ALLE,4680,50.6%,7319,https://www.hltv.org/stats/players/11922/alle?csVersion=CS2
rigoN,8754,55.6%,12565,https://www.hltv.org/stats/players/12708/rigon?csVersion=CS2
cLd,2866,57.9%,4347,https://www.hltv.org/stats/players/24716/cld?csVersion=CS2
salazar,7490,37.0%,11531,https://www.hltv.org/stats/players/21379/salazar?csVersion=CS2
vinaabEAST,4255,58.3%,6494,https://www.hltv.org/stats/players/22109/vinaabeast?csVersion=CS2
xns,3625,56.7%,5732,https://www.hltv.org/stats/players/20219/xns?csVersion=CS2
EMSTAR,3262,56.1%,4939,https://www.hltv.org/stats/players/21023/emstar?csVersion=CS2
MoriiSko,8994,59.2%,13777,https://www.hltv.org/stats/players/20229/moriisko?csVersion=CS2
alex,8156,49.6%,12779,https://www.hltv.org/stats/players/8371/alex?csVersion=CS2
riskyb0b,8922,56.9%,13785,https://www.hltv.org/stats/players/22460/riskyb0b?csVersion=CS2
jz,2713,54.5%,4242,https://www.hltv.org/stats/players/22779/jz?csVersion=CS2
gafolo,10267,40.4%,16008,https://www.hltv.org/stats/players/20558/gafolo?csVersion=CS2
arT,8012,48.2%,12382,https://www.hltv.org/stats/players/12521/art?csVersion=CS2
Mol011,3335,48.9%,4959,https://www.hltv.org/stats/players/22940/mol011?csVersion=CS2
Icarus,3641,55.2%,5529,https://www.hltv.org/stats/players/20683/icarus?csVersion=CS2
desh,4960,33.9%,7278,https://www.hltv.org/stats/players/17133/desh?csVersion=CS2
fanatyk,4970,49.0%,7880,https://www.hltv.org/stats/players/20071/fanatyk?csVersion=CS2
Hezz,3887,43.1%,5896,https://www.hltv.org/stats/players/20689/hezz?csVersion=CS2
Techno,7353,59.2%,11555,https://www.hltv.org/stats/players/20275/techno?csVersion=CS2
Chr1zN,10463,56.7%,16027,https://www.hltv.org/stats/players/21983/chr1zn?csVersion=CS2
El1an,3973,28.0%,5954,https://www.hltv.org/stats/players/13281/el1an?csVersion=CS2
d4rty,5456,54.9%,8289,https://www.hltv.org/stats/players/20564/d4rty?csVersion=CS2
ex1st,7078,56.3%,10688,https://www.hltv.org/stats/players/20960/ex1st?csVersion=CS2
nexa,5790,56.1%,9104,https://www.hltv.org/stats/players/9618/nexa?csVersion=CS2
deco,4858,51.4%,7748,https://www.hltv.org/stats/players/17039/deco?csVersion=CS2
walleN,2930,56.7%,4430,https://www.hltv.org/stats/players/24518/wallen?csVersion=CS2
Kristou,8519,41.1%,12879,https://www.hltv.org/stats/players/10961/kristou?csVersion=CS2
1NVISIBLEE,10235,56.5%,14950,https://www.hltv.org/stats/players/21369/1nvisiblee?csVersion=CS2
MAGILA,4077,50.3%,5881,https://www.hltv.org/stats/players/22191/magila?csVersion=CS2
Viggo,4122,54.4%,5851,https://www.hltv.org/stats/players/23106/viggo?csVersion=CS2
Kunai,3700,58.2%,5508,https://www.hltv.org/stats/players/25104/kunai?csVersion=CS2
cerber,4523,58.7%,6853,https://www.hltv.org/stats/players/18119/cerber?csVersion=CS2
faydett,8734,53.6%,13752,https://www.hltv.org/stats/players/20197/faydett?csVersion=CS2
FpSSS,5081,33.1%,7430,https://www.hltv.org/stats/players/20201/fpsss?csVersion=CS2
yvro,5376,50.9%,7761,https://www.hltv.org/stats/players/24244/yvro?csVersion=CS2
bsover,3062,43.2%,4402,https://www.hltv.org/stats/players/22380/bsover?csVersion=CS2
Boye,3457,55.4%,5278,https://www.hltv.org/stats/players/21574/boye?csVersion=CS2
noni,4744,37.8%,6991,https://www.hltv.org/stats/players/23598/noni?csVersion=CS2
sinnopsyy,8361,57.8%,12604,https://www.hltv.org/stats/players/18120/sinnopsyy?csVersion=CS2
virtuoso,5317,48.5%,8264,https://www.hltv.org/stats/players/22476/virtuoso?csVersion=CS2
majky,5641,56.6%,8400,https://www.hltv.org/stats/players/22280/majky?csVersion=CS2
Goofy,2884,42.5%,4522,https://www.hltv.org/stats/players/15428/goofy?csVersion=CS2
Magic,3105,41.6%,4601,https://www.hltv.org/stats/players/23589/magic?csVersion=CS2
Bukhavez,2860,50.4%,4488,https://www.hltv.org/stats/players/23334/bukhavez?csVersion=CS2
BluePho3nix,3012,57.9%,4702,https://www.hltv.org/stats/players/13618/bluepho3nix?csVersion=CS2
s-chilla,5707,55.2%,9164,https://www.hltv.org/stats/players/23413/s-chilla?csVersion=CS2
huNter-,6491,50.1%,10041,https://www.hltv.org/stats/players/3972/hunter?csVersion=CS2
jresy,2917,49.9%,4398,https://www.hltv.org/stats/players/21250/jresy?csVersion=CS2
ragga,9831,49.4%,14752,https://www.hltv.org/stats/players/17116/ragga?csVersion=CS2
Wonder,2793,57.4%,4347,https://www.hltv.org/stats/players/23696/wonder?csVersion=CS2
qx,4054,53.7%,6358,https://www.hltv.org/stats/players/25066/qx?csVersion=CS2
Brollan,5617,52.3%,8969,https://www.hltv.org/stats/players/13666/brollan?csVersion=CS2
maQuein,5144,33.7%,7623,https://www.hltv.org/stats/players/24972/maquein?csVersion=CS2
woozzzi,5325,36.8%,7703,https://www.hltv.org/stats/players/23469/woozzzi?csVersion=CS2
yxngstxr,8410,55.2%,12801,https://www.hltv.org/stats/players/22047/yxngstxr?csVersion=CS2
Queenix,7608,58.2%,12239,https://www.hltv.org/stats/players/13749/queenix?csVersion=CS2
jared,2882,51.1%,4303,https://www.hltv.org/stats/players/24527/jared?csVersion=CS2
Summer,6288,52.6%,9717,https://www.hltv.org/stats/players/7028/summer?csVersion=CS2
CeRq,8127,37.0%,12479,https://www.hltv.org/stats/players/11219/cerq?csVersion=CS2
ArroW,5094,60.7%,8277,https://www.hltv.org/stats/players/21500/arrow?csVersion=CS2
prt,5075,54.5%,7951,https://www.hltv.org/stats/players/10827/prt?csVersion=CS2
n1cks,3369,33.5%,5103,https://www.hltv.org/stats/players/23588/n1cks?csVersion=CS2
fnl,5175,57.3%,7944,https://www.hltv.org/stats/players/22563/fnl?csVersion=CS2
fokiu,3658,55.5%,5618,https://www.hltv.org/stats/players/22082/fokiu?csVersion=CS2
stadodo,7913,35.7%,12419,https://www.hltv.org/stats/players/11205/stadodo?csVersion=CS2
Qikert,6892,59.3%,11029,https://www.hltv.org/stats/players/13239/qikert?csVersion=CS2
bnc,5632,48.8%,8711,https://www.hltv.org/stats/players/13287/bnc?csVersion=CS2
Ro1f,9873,58.6%,15968,https://www.hltv.org/stats/players/21012/ro1f?csVersion=CS2
beastik,12763,57.3%,20508,https://www.hltv.org/stats/players/11199/beastik?csVersion=CS2
fozil,9381,58.3%,14324,https://www.hltv.org/stats/players/20956/fozil?csVersion=CS2
ariucle,4707,66.8%,7490,https://www.hltv.org/stats/players/21396/ariucle?csVersion=CS2
chelo,7028,62.6%,10994,https://www.hltv.org/stats/players/10566/chelo?csVersion=CS2
mwlky,3268,35.7%,4885,https://www.hltv.org/stats/players/20413/mwlky?csVersion=CS2
gxx-,5612,34.6%,8170,https://www.hltv.org/stats/players/19725/gxx?csVersion=CS2
AntyVirus,5096,50.1%,7490,https://www.hltv.org/stats/players/22129/antyvirus?csVersion=CS2
spardaus,4012,55.2%,6110,https://www.hltv.org/stats/players/22101/spardaus?csVersion=CS2
Vacancy,6227,53.0%,9735,https://www.hltv.org/stats/players/22192/vacancy?csVersion=CS2
foggers,3247,53.2%,4947,https://www.hltv.org/stats/players/20351/foggers?csVersion=CS2
Magisk,4745,54.2%,7512,https://www.hltv.org/stats/players/9032/magisk?csVersion=CS2
MisteM,4331,57.5%,6882,https://www.hltv.org/stats/players/16811/mistem?csVersion=CS2
shady,3832,32.6%,5761,https://www.hltv.org/stats/players/21392/shady?csVersion=CS2
awzek,5866,52.5%,9085,https://www.hltv.org/stats/players/14061/awzek?csVersion=CS2
bekker,3954,33.9%,5987,https://www.hltv.org/stats/players/24425/bekker?csVersion=CS2
Keoz,9012,60.0%,13922,https://www.hltv.org/stats/players/15117/keoz?csVersion=CS2
skullz,5000,55.9%,7876,https://www.hltv.org/stats/players/18676/skullz?csVersion=CS2
k4nfuz,6203,63.1%,9868,https://www.hltv.org/stats/players/24818/k4nfuz?csVersion=CS2
AdrieN,5640,55.9%,8163,https://www.hltv.org/stats/players/23767/adrien?csVersion=CS2
fREQ,6300,55.0%,9891,https://www.hltv.org/stats/players/20885/freq?csVersion=CS2
vision,4472,60.4%,6928,https://www.hltv.org/stats/players/23346/vision?csVersion=CS2
bodyy,7266,57.2%,11384,https://www.hltv.org/stats/players/8374/bodyy?csVersion=CS2
perez,3184,56.3%,4849,https://www.hltv.org/stats/players/21290/perez?csVersion=CS2
Levi,3326,52.1%,5096,https://www.hltv.org/stats/players/15437/levi?csVersion=CS2
dan1,3242,50.1%,5152,https://www.hltv.org/stats/players/18788/dan1?csVersion=CS2
iDISBALANCE,8725,29.1%,13178,https://www.hltv.org/stats/players/14273/idisbalance?csVersion=CS2
Lack1,10891,50.7%,16393,https://www.hltv.org/stats/players/13240/lack1?csVersion=CS2
Efire,4921,55.9%,7436,https://www.hltv.org/stats/players/22414/efire?csVersion=CS2
arTisT,7059,38.3%,10486,https://www.hltv.org/stats/players/20336/artist?csVersion=CS2
syrsoN,3317,30.9%,4863,https://www.hltv.org/stats/players/7266/syrson?csVersion=CS2
Prism,8058,54.4%,12569,https://www.hltv.org/stats/players/18979/prism?csVersion=CS2
maaryy,14598,53.5%,22980,https://www.hltv.org/stats/players/20284/maaryy?csVersion=CS2
sAvana1,5781,56.0%,9233,https://www.hltv.org/stats/players/21299/savana1?csVersion=CS2
kumao,4880,57.7%,7571,https://www.hltv.org/stats/players/23386/kumao?csVersion=CS2
yepz,4735,55.6%,7786,https://www.hltv.org/stats/players/16954/yepz?csVersion=CS2
SELLTER,13421,54.4%,21356,https://www.hltv.org/stats/players/18670/sellter?csVersion=CS2
pz,5156,32.9%,7977,https://www.hltv.org/stats/players/18736/pz?csVersion=CS2
Maze,5612,54.7%,8446,https://www.hltv.org/stats/players/20033/maze?csVersion=CS2
neaLaN,5715,58.3%,8922,https://www.hltv.org/stats/players/11940/nealan?csVersion=CS2
morelz,4132,51.7%,6116,https://www.hltv.org/stats/players/8324/morelz?csVersion=CS2
b0denmaster,6066,34.5%,9141,https://www.hltv.org/stats/players/15501/b0denmaster?csVersion=CS2
ANSG1,3087,44.1%,4943,https://www.hltv.org/stats/players/21773/ansg1?csVersion=CS2
Gabe,5052,54.8%,7864,https://www.hltv.org/stats/players/20234/gabe?csVersion=CS2
hitori,2890,53.1%,4544,https://www.hltv.org/stats/players/23544/hitori?csVersion=CS2
kreaz,8327,47.9%,12952,https://www.hltv.org/stats/players/9911/kreaz?csVersion=CS2
tory,3641,54.8%,5490,https://www.hltv.org/stats/players/16497/tory?csVersion=CS2
dav1g,9448,47.0%,14727,https://www.hltv.org/stats/players/19509/dav1g?csVersion=CS2
brett,6048,48.1%,9076,https://www.hltv.org/stats/players/14799/brett?csVersion=CS2
max,7476,52.2%,12210,https://www.hltv.org/stats/players/12092/max?csVersion=CS2
Extinct,6465,54.8%,9860,https://www.hltv.org/stats/players/20339/extinct?csVersion=CS2
Tarkky,3718,54.4%,5645,https://www.hltv.org/stats/players/21967/tarkky?csVersion=CS2
X5G7V,8017,48.3%,12554,https://www.hltv.org/stats/players/19575/x5g7v?csVersion=CS2
millert,5529,35.4%,8706,https://www.hltv.org/stats/players/21930/millert?csVersion=CS2
PlesseN,6501,56.1%,9802,https://www.hltv.org/stats/players/9811/plessen?csVersion=CS2
STYKO,2927,58.8%,4764,https://www.hltv.org/stats/players/6904/styko?csVersion=CS2
Peppzor,3738,54.9%,5974,https://www.hltv.org/stats/players/15949/peppzor?csVersion=CS2
anttzz,3813,63.2%,5949,https://www.hltv.org/stats/players/21686/anttzz?csVersion=CS2
Something,7623,60.9%,11920,https://www.hltv.org/stats/players/22327/something?csVersion=CS2
uli,4470,56.0%,7013,https://www.hltv.org/stats/players/9818/uli?csVersion=CS2
Nexius,2930,56.2%,4493,https://www.hltv.org/stats/players/20872/nexius?csVersion=CS2
hoax,3626,50.8%,5766,https://www.hltv.org/stats/players/19991/hoax?csVersion=CS2
Stx,3039,54.9%,4696,https://www.hltv.org/stats/players/16581/stx?csVersion=CS2
bevve,3157,52.7%,4832,https://www.hltv.org/stats/players/20908/bevve?csVersion=CS2
raalz,12113,62.1%,19644,https://www.hltv.org/stats/players/2898/raalz?csVersion=CS2
niko,5334,54.9%,8418,https://www.hltv.org/stats/players/10264/niko?csVersion=CS2
esenthial,8615,63.9%,13820,https://www.hltv.org/stats/players/23643/esenthial?csVersion=CS2
Cooper,3466,40.6%,5000,https://www.hltv.org/stats/players/15007/cooper?csVersion=CS2
HENU,3984,49.0%,5984,https://www.hltv.org/stats/players/18848/henu?csVersion=CS2
dott1,3753,57.0%,5842,https://www.hltv.org/stats/players/24091/dott1?csVersion=CS2
realzen,3211,55.2%,5018,https://www.hltv.org/stats/players/24261/realzen?csVersion=CS2
dex,7745,55.9%,12179,https://www.hltv.org/stats/players/22914/dex?csVersion=CS2
senka,4738,47.2%,8048,https://www.hltv.org/stats/players/22878/senka?csVersion=CS2
MUTiRiS,6158,52.3%,10110,https://www.hltv.org/stats/players/630/mutiris?csVersion=CS2
robo,6271,49.5%,9641,https://www.hltv.org/stats/players/22864/robo?csVersion=CS2
Boombl4,7790,43.1%,12724,https://www.hltv.org/stats/players/11840/boombl4?csVersion=CS2
Jackinho,9307,43.4%,14345,https://www.hltv.org/stats/players/13669/jackinho?csVersion=CS2
c0llins,7462,55.2%,11740,https://www.hltv.org/stats/players/13026/c0llins?csVersion=CS2
tatazin,3441,49.4%,5468,https://www.hltv.org/stats/players/10840/tatazin?csVersion=CS2
LNZ,7867,54.7%,12954,https://www.hltv.org/stats/players/19310/lnz?csVersion=CS2
TyRa,3372,57.0%,5049,https://www.hltv.org/stats/players/23690/tyra?csVersion=CS2
easy,4823,33.8%,7438,https://www.hltv.org/stats/players/23360/easy?csVersion=CS2
snapy,6257,52.4%,9346,https://www.hltv.org/stats/players/17003/snapy?csVersion=CS2
Chill,5185,58.8%,7972,https://www.hltv.org/stats/players/19812/chill?csVersion=CS2
j0w,4533,58.2%,7079,https://www.hltv.org/stats/players/22364/j0w?csVersion=CS2
drg,6951,56.6%,11352,https://www.hltv.org/stats/players/16645/drg?csVersion=CS2
leo_drk,3542,54.2%,5447,https://www.hltv.org/stats/players/11329/leo-drk?csVersion=CS2
sm3t,3915,50.3%,6256,https://www.hltv.org/stats/players/20600/sm3t?csVersion=CS2
Graviti,8647,58.9%,13473,https://www.hltv.org/stats/players/21969/graviti?csVersion=CS2
dan4o,2657,60.9%,4453,https://www.hltv.org/stats/players/25011/dan4o?csVersion=CS2
nikz,2965,53.5%,4877,https://www.hltv.org/stats/players/24717/nikz?csVersion=CS2
kyxsan,7098,52.5%,12041,https://www.hltv.org/stats/players/19677/kyxsan?csVersion=CS2
JT,5766,54.5%,9469,https://www.hltv.org/stats/players/11630/jt?csVersion=CS2
opdust,3719,54.0%,6238,https://www.hltv.org/stats/players/21988/opdust?csVersion=CS2
Jyo,3115,50.3%,5097,https://www.hltv.org/stats/players/12269/jyo?csVersion=CS2
Gizmy,8834,52.7%,14141,https://www.hltv.org/stats/players/21816/gizmy?csVersion=CS2
hfah,5508,62.1%,8481,https://www.hltv.org/stats/players/23765/hfah?csVersion=CS2
brn$,2734,40.9%,4346,https://www.hltv.org/stats/players/21700/brn?csVersion=CS2
byr9,3112,58.7%,5151,https://www.hltv.org/stats/players/19590/byr9?csVersion=CS2
ADRON,3910,56.5%,6309,https://www.hltv.org/stats/players/18294/adron?csVersion=CS2
arvid,3774,54.2%,5940,https://www.hltv.org/stats/players/9325/arvid?csVersion=CS2
casey,3061,56.1%,4790,https://www.hltv.org/stats/players/20349/casey?csVersion=CS2
meowpop,2935,62.5%,4799,https://www.hltv.org/stats/players/24997/meowpop?csVersion=CS2
SkulL,3182,47.3%,5055,https://www.hltv.org/stats/players/14290/skull?csVersion=CS2
kadziu,3469,59.5%,5393,https://www.hltv.org/stats/players/22011/kadziu?csVersion=CS2
jsfeltner,3585,48.4%,5454,https://www.hltv.org/stats/players/20330/jsfeltner?csVersion=CS2
isak,6706,54.2%,10711,https://www.hltv.org/stats/players/17937/isak?csVersion=CS2
PR1mE,3018,55.4%,4533,https://www.hltv.org/stats/players/19038/pr1me?csVersion=CS2
FreeZe,7228,45.6%,11497,https://www.hltv.org/stats/players/20122/freeze?csVersion=CS2
cbass,3197,51.5%,5101,https://www.hltv.org/stats/players/21749/cbass?csVersion=CS2
k1to,4606,63.4%,7157,https://www.hltv.org/stats/players/12781/k1to?csVersion=CS2
kelieN,5886,52.0%,9388,https://www.hltv.org/stats/players/23048/kelien?csVersion=CS2
suma,2956,54.3%,4705,https://www.hltv.org/stats/players/24151/suma?csVersion=CS2
Svedjehed,2709,53.1%,4468,https://www.hltv.org/stats/players/20133/svedjehed?csVersion=CS2
Leomonster,7416,56.8%,11467,https://www.hltv.org/stats/players/17132/leomonster?csVersion=CS2
WOOD7,9864,32.8%,15697,https://www.hltv.org/stats/players/14390/wood7?csVersion=CS2
The eLiVe,8202,51.9%,13652,https://www.hltv.org/stats/players/14388/the-elive?csVersion=CS2
zeRRoFIX,9177,56.3%,14401,https://www.hltv.org/stats/players/23415/zerrofix?csVersion=CS2
P3R3IIRA,2930,51.2%,4697,https://www.hltv.org/stats/players/20750/p3r3iira?csVersion=CS2
BK1,4762,59.1%,7634,https://www.hltv.org/stats/players/19872/bk1?csVersion=CS2
Bhavi,3185,59.9%,5024,https://www.hltv.org/stats/players/23323/bhavi?csVersion=CS2
NBK-,4209,56.1%,6824,https://www.hltv.org/stats/players/7168/nbk?csVersion=CS2
JUST,2962,56.1%,4676,https://www.hltv.org/stats/players/8998/just?csVersion=CS2
CAJUN,3507,48.4%,5515,https://www.hltv.org/stats/players/20273/cajun?csVersion=CS2
tucks,4604,50.3%,7367,https://www.hltv.org/stats/players/9108/tucks?csVersion=CS2
interz,4619,50.6%,7889,https://www.hltv.org/stats/players/15071/interz?csVersion=CS2
Kat,3527,43.8%,5629,https://www.hltv.org/stats/players/21756/kat?csVersion=CS2
1eeR,8985,47.5%,14776,https://www.hltv.org/stats/players/21266/1eer?csVersion=CS2
stanislaw,5921,54.2%,10007,https://www.hltv.org/stats/players/8507/stanislaw?csVersion=CS2
leen,4770,58.5%,7586,https://www.hltv.org/stats/players/20794/leen?csVersion=CS2
onic,5710,56.5%,9796,https://www.hltv.org/stats/players/24168/onic?csVersion=CS2
MaLLby,2922,53.4%,4866,https://www.hltv.org/stats/players/17216/mallby?csVersion=CS2
SPine,3724,56.8%,6031,https://www.hltv.org/stats/players/20258/spine?csVersion=CS2
chudy,3337,57.9%,5145,https://www.hltv.org/stats/players/24242/chudy?csVersion=CS2
Get_Jeka,7832,55.9%,12542,https://www.hltv.org/stats/players/18671/get-jeka?csVersion=CS2
ztr,7751,48.5%,12786,https://www.hltv.org/stats/players/16486/ztr?csVersion=CS2
PsychoDoctor,3204,51.1%,5156,https://www.hltv.org/stats/players/23835/psychodoctor?csVersion=CS2
puuha,3969,54.0%,6483,https://www.hltv.org/stats/players/22144/puuha?csVersion=CS2
rafaxF,5105,33.1%,7705,https://www.hltv.org/stats/players/20054/rafaxf?csVersion=CS2
ERSIN,3482,58.4%,5510,https://www.hltv.org/stats/players/21213/ersin?csVersion=CS2
remix,5937,30.3%,9220,https://www.hltv.org/stats/players/2544/remix?csVersion=CS2
facecrack,3975,51.0%,6243,https://www.hltv.org/stats/players/8726/facecrack?csVersion=CS2
fl4sh,2733,45.7%,4340,https://www.hltv.org/stats/players/6553/fl4sh?csVersion=CS2
b0RUP,4900,66.4%,7896,https://www.hltv.org/stats/players/9896/b0rup?csVersion=CS2
fEAR,11547,47.6%,18971,https://www.hltv.org/stats/players/17803/fear?csVersion=CS2
Tapewaare,8597,59.8%,13911,https://www.hltv.org/stats/players/22048/tapewaare?csVersion=CS2
Seb,3700,48.1%,6089,https://www.hltv.org/stats/players/21669/seb?csVersion=CS2
fakerealityy,3678,58.5%,5731,https://www.hltv.org/stats/players/24672/fakerealityy?csVersion=CS2
VILBy,4504,51.5%,7419,https://www.hltv.org/stats/players/23193/vilby?csVersion=CS2
tiziaN,2881,53.4%,4752,https://www.hltv.org/stats/players/5796/tizian?csVersion=CS2
Lcm,4041,34.3%,6615,https://www.hltv.org/stats/players/20519/lcm?csVersion=CS2
1962,2584,59.0%,4283,https://www.hltv.org/stats/players/12094/1962?csVersion=CS2
alpha,5925,50.9%,9420,https://www.hltv.org/stats/players/20430/alpha?csVersion=CS2
SENER1,5464,51.3%,9372,https://www.hltv.org/stats/players/15778/sener1?csVersion=CS2
Bambosh,3190,56.9%,5199,https://www.hltv.org/stats/players/23614/bambosh?csVersion=CS2
Topa,4264,64.5%,6899,https://www.hltv.org/stats/players/17008/topa?csVersion=CS2
upE,7964,59.9%,13590,https://www.hltv.org/stats/players/22760/upe?csVersion=CS2
Salazar,3256,53.0%,5649,https://www.hltv.org/stats/players/25349/salazar?csVersion=CS2
obi,3148,60.4%,4954,https://www.hltv.org/stats/players/21820/obi?csVersion=CS2
FalleN,6863,43.9%,11362,https://www.hltv.org/stats/players/2023/fallen?csVersion=CS2
Nami,5817,47.5%,9412,https://www.hltv.org/stats/players/24243/nami?csVersion=CS2
rikon,3125,55.7%,5030,https://www.hltv.org/stats/players/24967/rikon?csVersion=CS2
Vster,3058,52.1%,5111,https://www.hltv.org/stats/players/14242/vster?csVersion=CS2
K1-FiDa,6230,49.1%,10861,https://www.hltv.org/stats/players/15818/k1-fida?csVersion=CS2
Trucklover86,3378,67.0%,5192,https://www.hltv.org/stats/players/22022/trucklover86?csVersion=CS2
TMB,10213,55.2%,16958,https://www.hltv.org/stats/players/11995/tmb?csVersion=CS2
roman,3954,54.8%,6496,https://www.hltv.org/stats/players/2241/roman?csVersion=CS2
card,3797,32.1%,6009,https://www.hltv.org/stats/players/20029/card?csVersion=CS2
apEX,5829,50.3%,9971,https://www.hltv.org/stats/players/7322/apex?csVersion=CS2
robiin,5333,51.3%,8698,https://www.hltv.org/stats/players/7700/robiin?csVersion=CS2
Thuister,2831,58.3%,4390,https://www.hltv.org/stats/players/21888/thuister?csVersion=CS2
IceBerg,11559,55.6%,18730,https://www.hltv.org/stats/players/16731/iceberg?csVersion=CS2
Jelo,2640,56.4%,4411,https://www.hltv.org/stats/players/19996/jelo?csVersion=CS2
revoltz,3361,57.8%,5611,https://www.hltv.org/stats/players/24284/revoltz?csVersion=CS2
MiGHTYMAX,4446,55.5%,7880,https://www.hltv.org/stats/players/8983/mightymax?csVersion=CS2
reversive,5060,49.8%,8588,https://www.hltv.org/stats/players/9221/reversive?csVersion=CS2
seized,2663,51.0%,4460,https://www.hltv.org/stats/players/3347/seized?csVersion=CS2
Lacerda,2513,61.2%,4145,https://www.hltv.org/stats/players/25035/lacerda?csVersion=CS2
sense,3784,50.2%,6252,https://www.hltv.org/stats/players/17450/sense?csVersion=CS2
Gnøffe,3492,51.6%,5827,https://www.hltv.org/stats/players/20248/gnffe?csVersion=CS2
gla1ve,3956,54.3%,6961,https://www.hltv.org/stats/players/7412/gla1ve?csVersion=CS2
Cliqq,2917,55.9%,4908,https://www.hltv.org/stats/players/24121/cliqq?csVersion=CS2
sFade8,7916,55.4%,12519,https://www.hltv.org/stats/players/22075/sfade8?csVersion=CS2
ay0k,3703,40.2%,5858,https://www.hltv.org/stats/players/25254/ay0k?csVersion=CS2
Bart4k,4978,58.4%,8249,https://www.hltv.org/stats/players/19957/bart4k?csVersion=CS2
next,2704,65.6%,4738,https://www.hltv.org/stats/players/25106/next?csVersion=CS2
kinqie,8913,54.6%,15100,https://www.hltv.org/stats/players/3459/kinqie?csVersion=CS2
aVN,13806,53.8%,23405,https://www.hltv.org/stats/players/5351/avn?csVersion=CS2
NEKIZ,5890,49.4%,9757,https://www.hltv.org/stats/players/9482/nekiz?csVersion=CS2
laser,4877,45.9%,8058,https://www.hltv.org/stats/players/18549/laser?csVersion=CS2
emi,5263,49.4%,9156,https://www.hltv.org/stats/players/2476/emi?csVersion=CS2
ninjaZ,6261,50.8%,10685,https://www.hltv.org/stats/players/20083/ninjaz?csVersion=CS2
SPELLAN,6418,42.9%,11080,https://www.hltv.org/stats/players/11217/spellan?csVersion=CS2
Patti,7288,54.3%,12238,https://www.hltv.org/stats/players/13077/patti?csVersion=CS2
NickelBack,3471,47.6%,6005,https://www.hltv.org/stats/players/11498/nickelback?csVersion=CS2
sol,7903,52.4%,13218,https://www.hltv.org/stats/players/20199/sol?csVersion=CS2
Muk0s,2749,58.5%,4546,https://www.hltv.org/stats/players/23687/muk0s?csVersion=CS2
h1kaN,3470,64.4%,5669,https://www.hltv.org/stats/players/23303/h1kan?csVersion=CS2
levantino,4338,56.5%,6816,https://www.hltv.org/stats/players/24286/levantino?csVersion=CS2
chopper,4681,57.5%,8341,https://www.hltv.org/stats/players/7716/chopper?csVersion=CS2
Noktse,7791,43.3%,13352,https://www.hltv.org/stats/players/2161/noktse?csVersion=CS2
Reix,4335,51.8%,7257,https://www.hltv.org/stats/players/21038/reix?csVersion=CS2
nython,9647,40.3%,15974,https://www.hltv.org/stats/players/18743/nython?csVersion=CS2
innocent,7196,48.5%,12021,https://www.hltv.org/stats/players/3669/innocent?csVersion=CS2
BRACE,3284,53.9%,5602,https://www.hltv.org/stats/players/12588/brace?csVersion=CS2
mASKED,11608,44.4%,19760,https://www.hltv.org/stats/players/21142/masked?csVersion=CS2
stormzyn,4741,53.8%,8074,https://www.hltv.org/stats/players/22964/stormzyn?csVersion=CS2
ben1337,6151,48.7%,10746,https://www.hltv.org/stats/players/13250/ben1337?csVersion=CS2
Aleksib,5162,44.8%,9825,https://www.hltv.org/stats/players/9816/aleksib?csVersion=CS2
cadiaN,3848,35.5%,6442,https://www.hltv.org/stats/players/7964/cadian?csVersion=CS2
Golden,3776,60.5%,6377,https://www.hltv.org/stats/players/11110/golden?csVersion=CS2
Snax,4868,47.8%,8634,https://www.hltv.org/stats/players/2553/snax?csVersion=CS2
mds,4536,53.3%,7383,https://www.hltv.org/stats/players/22267/mds?csVersion=CS2
sasha,2988,50.0%,5125,https://www.hltv.org/stats/players/23138/sasha?csVersion=CS2
MAJ3R,5918,49.9%,10891,https://www.hltv.org/stats/players/150/maj3r?csVersion=CS2
PKL,5450,55.0%,9309,https://www.hltv.org/stats/players/6593/pkl?csVersion=CS2
SHiNE,4703,54.1%,8578,https://www.hltv.org/stats/players/19065/shine?csVersion=CS2
siuhy,5149,53.4%,8903,https://www.hltv.org/stats/players/16820/siuhy?csVersion=CS2
devoduvek,4762,52.3%,8421,https://www.hltv.org/stats/players/10569/devoduvek?csVersion=CS2
Furlan,3405,54.4%,5878,https://www.hltv.org/stats/players/8327/furlan?csVersion=CS2
Vert,6163,50.5%,10845,https://www.hltv.org/stats/players/17316/vert?csVersion=CS2
Lich,2659,57.1%,4441,https://www.hltv.org/stats/players/22125/lich?csVersion=CS2
CutzMeretz,7175,50.1%,12398,https://www.hltv.org/stats/players/18891/cutzmeretz?csVersion=CS2
Snappi,6137,55.0%,10647,https://www.hltv.org/stats/players/922/snappi?csVersion=CS2
birdfromsky,4716,45.1%,8699,https://www.hltv.org/stats/players/13718/birdfromsky?csVersion=CS2
RICIOLI,5622,46.6%,10029,https://www.hltv.org/stats/players/18875/ricioli?csVersion=CS2
HooXi,3740,55.3%,6836,https://www.hltv.org/stats/players/10096/hooxi?csVersion=CS2
gejmzilla,3959,60.7%,6928,https://www.hltv.org/stats/players/12777/gejmzilla?csVersion=CS2
karrigan,6359,54.8%,11651,https://www.hltv.org/stats/players/429/karrigan?csVersion=CS2
ScrunK,3169,51.9%,5814,https://www.hltv.org/stats/players/8212/scrunk?csVersion=CS2
mynio,2597,49.6%,4809,https://www.hltv.org/stats/players/4829/mynio?csVersion=CS2
BTN,8252,54.3%,14762,https://www.hltv.org/stats/players/1206/btn?csVersion=CS2
StRoGo,2393,50.2%,4490,https://www.hltv.org/stats/players/21690/strogo?csVersion=CS2
darchevile,2506,50.3%,4580,https://www.hltv.org/stats/players/20281/darchevile?csVersion=CS2
quix,2879,54.7%,5424,https://www.hltv.org/stats/players/3329/quix?csVersion=CS2
Avou,2619,55.2%,5343,https://www.hltv.org/stats/players/22811/avou?csVersion=CS2
